"","Station.ID","Station.Code","Station","Date","TOC_m","THg_m","MeHg_m","X254nm","X285nm","X365nm","X400nm","THg_s","MeHg_s","DOC_s","X254nm_s","X285nm_s","X365nm_s","X400nm_s","labile_m","labile_s","sUVa_m","sUVa_s","sVISa_m","sVISa_s","SAR_m","E2_E3_m","E2_E3_s","THGTOC_m","THGDOC_s","MeHGTOC_m","MeHGDOC_s","MeHg_rel_m","Year","month_day"
"1",108,"LAE01","Outlet",2016-01-02,12.4,NA,NA,0.614676,0.4452716,0.143612,0.079784,NA,NA,NA,NA,NA,NA,NA,3.5909,NA,4.95706451612903,NA,6.4341935483871,NA,7704.25147899328,4.28011586775478,NA,NA,NA,NA,NA,NA,"2016",2024-01-02
"2",108,"LAE01","Outlet",2016-01-11,12.1,NA,NA,0.590008,0.4290796,0.139072,0.077328,NA,NA,NA,NA,NA,NA,NA,3.54611239669421,NA,4.87609917355372,NA,6.39074380165289,NA,7629.93999586178,4.24246433502071,NA,NA,NA,NA,NA,NA,"2016",2024-01-11
"3",108,"LAE01","Outlet",2016-01-17,11.8,NA,NA,0.561216,0.4078516,0.131876,0.073172,NA,NA,NA,NA,NA,NA,NA,3.45636949152542,NA,4.75606779661017,NA,6.20101694915254,NA,7669.81905646969,4.25563408049986,NA,NA,NA,NA,NA,NA,"2016",2024-01-17
"4",108,"LAE01","Outlet",2016-01-24,12.2,NA,NA,0.538548,0.396584,0.130884,0.072812,NA,NA,NA,NA,NA,NA,NA,3.25068852459016,NA,4.41432786885246,NA,5.96819672131148,NA,7396.41817282865,4.11469698358852,NA,NA,NA,NA,NA,NA,"2016",2024-01-24
"5",108,"LAE01","Outlet",2016-01-31,11.9,2.858146,0.06847371,0.54736,0.401476,0.132032,0.073492,NA,NA,NA,NA,NA,NA,NA,3.37374789915966,NA,4.59966386554622,NA,6.17579831932773,NA,7447.88548413433,4.14566165777993,NA,0.240180336134454,NA,0.00575409327731092,NA,2.39573870614027,"2016",2024-01-31
"6",108,"LAE01","Outlet",2016-02-06,12.3,NA,NA,0.528416,0.391952,0.130308,0.072748,NA,NA,NA,NA,NA,NA,NA,3.18660162601626,NA,4.29606504065041,NA,5.91447154471545,NA,7263.64985978996,4.05513092058814,NA,NA,NA,NA,NA,NA,"2016",2024-02-06
"7",108,"LAE01","Outlet",2016-02-14,11.4,NA,NA,0.51616,0.380772,0.125892,0.069544,NA,NA,NA,NA,NA,NA,NA,3.34010526315789,NA,4.52771929824561,NA,6.10035087719298,NA,7422.06372943748,4.10002224128618,NA,NA,NA,NA,NA,NA,"2016",2024-02-14
"8",108,"LAE01","Outlet",2016-02-21,NA,NA,NA,0.505896,0.37438,0.124288,0.068636,NA,NA,NA,NA,NA,NA,NA,NA,NA,NA,NA,NA,NA,7370.70924879072,4.07035272914521,NA,NA,NA,NA,NA,NA,"2016",2024-02-21
"9",108,"LAE01","Outlet",2016-02-28,11.2,3.558331,0.0789314,0.520652,0.380568,0.123844,0.068384,NA,NA,NA,NA,NA,NA,NA,3.39792857142857,NA,4.64867857142857,NA,6.10571428571429,NA,7613.6523163313,4.20409547495236,NA,0.317708125,NA,0.00704744642857143,NA,2.21821410093665,"2016",2024-02-28
"10",108,"LAE01","Outlet",2016-03-06,11.7,NA,NA,0.52046,0.380372,0.124084,0.068832,NA,NA,NA,NA,NA,NA,NA,3.25104273504273,NA,4.44837606837607,NA,5.88307692307692,NA,7561.30869363087,4.19441668547113,NA,NA,NA,NA,NA,NA,"2016",2024-03-06
"11",108,"LAE01","Outlet",2016-03-14,11.8,NA,NA,0.52682,0.3845116,0.125256,0.069312,NA,NA,NA,NA,NA,NA,NA,3.25857288135593,NA,4.46457627118644,NA,5.87389830508475,NA,7600.70406278855,4.20594622213706,NA,NA,NA,NA,NA,NA,"2016",2024-03-14
"12",108,"LAE01","Outlet",2016-03-21,10.8,NA,NA,0.535544,0.391276,0.12666,0.069224,NA,NA,NA,NA,NA,NA,NA,3.62292592592593,NA,4.95874074074074,NA,6.40962962962963,NA,7736.39200277361,4.22820148428865,NA,NA,NA,NA,NA,NA,"2016",2024-03-21
"13",108,"LAE01","Outlet",2016-03-28,10.9,3.818483,0.06571142,0.45834,0.335432,0.108712,0.059484,NA,NA,NA,NA,NA,NA,NA,3.07735779816514,NA,4.20495412844037,NA,5.45724770642202,NA,7705.26528142021,4.21609389947752,NA,0.350319541284404,NA,0.00602857064220184,NA,1.72087763648548,"2016",2024-03-28
"14",108,"LAE01","Outlet",2016-04-03,10.3,NA,NA,0.455356,0.331088,0.10532,0.05692,NA,NA,NA,NA,NA,NA,NA,3.21444660194175,NA,4.42093203883495,NA,5.52621359223301,NA,7999.92972593113,4.32354728446639,NA,NA,NA,NA,NA,NA,"2016",2024-04-03
"15",108,"LAE01","Outlet",2016-04-09,9.8,NA,NA,0.402472,0.29206,0.093912,0.05162,NA,NA,NA,NA,NA,NA,NA,2.98020408163265,NA,4.10685714285714,NA,5.26734693877551,NA,7796.82293684618,4.28562909958259,NA,NA,NA,NA,NA,NA,"2016",2024-04-09
"16",108,"LAE01","Outlet",2016-04-18,8.7,NA,NA,0.376672,0.272328,0.088056,0.048924,NA,NA,NA,NA,NA,NA,NA,3.13020689655172,NA,4.32956321839081,NA,5.62344827586207,NA,7699.12517373886,4.27764150086309,NA,NA,NA,NA,NA,NA,"2016",2024-04-18
"17",108,"LAE01","Outlet",2016-04-24,8.2,3.565393,0.02447099,0.367656,0.266204,0.086616,0.048308,NA,NA,NA,NA,NA,NA,NA,3.24639024390244,NA,4.48360975609756,NA,5.89121951219512,NA,7610.66490022357,4.24466611249654,NA,0.434804024390244,NA,0.00298426707317073,NA,0.686347620023936,"2016",2024-04-24
"18",108,"LAE01","Outlet",2016-05-01,7.7,NA,NA,0.374496,0.271884,0.088898,0.049638,NA,NA,NA,NA,NA,NA,NA,3.53096103896104,NA,4.86358441558442,NA,6.44649350649351,NA,7544.5424876103,4.21264820355913,NA,NA,NA,NA,NA,NA,"2016",2024-05-01
"19",108,"LAE01","Outlet",2016-05-08,6.5,NA,NA,0.297112,0.21596,0.070436,0.03986,NA,NA,NA,NA,NA,NA,NA,3.32246153846154,NA,4.57095384615385,NA,6.13230769230769,NA,7453.88861013547,4.21818388324152,NA,NA,NA,NA,NA,NA,"2016",2024-05-08
"20",108,"LAE01","Outlet",2016-05-15,8.8,NA,NA,0.400868,0.291228,0.09582,0.054068,NA,NA,NA,NA,NA,NA,NA,3.30940909090909,NA,4.55531818181818,NA,6.14409090909091,NA,7414.14515055116,4.18355249426007,NA,NA,NA,NA,NA,NA,"2016",2024-05-15
"21",108,"LAE01","Outlet",2016-05-22,8.4,NA,NA,0.396816,0.285792,0.093384,0.053092,NA,NA,NA,NA,NA,NA,NA,3.40228571428571,NA,4.724,NA,6.32047619047619,NA,7474.12039478641,4.24929324081213,NA,NA,NA,NA,NA,NA,"2016",2024-05-22
"22",108,"LAE01","Outlet",2016-05-29,10.3,4.020845,0.05667013,0.43696,0.312444,0.101184,0.057264,NA,NA,NA,NA,NA,NA,NA,3.03343689320388,NA,4.24233009708738,NA,5.55961165048544,NA,7630.62307907237,4.31846932321316,NA,0.390373300970874,NA,0.00550195436893204,NA,1.40940847011014,"2016",2024-05-29
"23",108,"LAE01","Outlet",2016-06-06,9.3,NA,NA,0.42478,0.300836,0.095776,0.05418,NA,NA,NA,NA,NA,NA,NA,3.23479569892473,NA,4.56752688172043,NA,5.8258064516129,NA,7840.16242155777,4.43514032743067,NA,NA,NA,NA,NA,NA,"2016",2024-06-06
"24",108,"LAE01","Outlet",2016-06-12,8.8,NA,NA,0.3831876,0.270704,0.083732,0.045556,NA,NA,NA,NA,NA,NA,NA,3.07618181818182,NA,4.35440454545455,NA,5.17681818181818,NA,8411.35305997015,4.57635790378828,NA,NA,NA,NA,NA,NA,"2016",2024-06-12
"25",108,"LAE01","Outlet",2016-06-19,9.2,NA,NA,0.383968,0.270336,0.083284,0.04548,NA,NA,NA,NA,NA,NA,NA,2.9384347826087,NA,4.1735652173913,NA,4.94347826086957,NA,8442.56816182937,4.61034532443206,NA,NA,NA,NA,NA,NA,"2016",2024-06-19
"26",108,"LAE01","Outlet",2016-06-25,8.7,3.12,0.06365176,0.362904,0.255516,0.078688,0.043076,NA,NA,NA,NA,NA,NA,NA,2.93696551724138,NA,4.17131034482759,NA,4.95126436781609,NA,8424.73767295013,4.61193574623831,NA,0.358620689655172,NA,0.00731629425287356,NA,2.04012051282051,"2016",2024-06-25
"27",108,"LAE01","Outlet",2016-07-03,11.4,NA,NA,0.51192,0.364604,0.114512,0.063044,NA,NA,NA,NA,NA,NA,NA,3.19828070175439,NA,4.49052631578947,NA,5.53017543859649,NA,8120.04314447053,4.47044851194635,NA,NA,NA,NA,NA,NA,"2016",2024-07-03
"28",108,"LAE01","Outlet",2016-07-10,11.7,NA,NA,0.478152,0.340384,0.107224,0.059164,NA,NA,NA,NA,NA,NA,NA,2.90926495726496,NA,4.08676923076923,NA,5.05675213675214,NA,8081.80650395511,4.45937476684324,NA,NA,NA,NA,NA,NA,"2016",2024-07-10
"29",108,"LAE01","Outlet",2016-07-17,11.5,NA,NA,0.487496,0.346192,0.108768,0.060156,NA,NA,NA,NA,NA,NA,NA,3.0103652173913,NA,4.23909565217391,NA,5.23095652173913,NA,8103.8632887825,4.48197999411592,NA,NA,NA,NA,NA,NA,"2016",2024-07-17
"30",108,"LAE01","Outlet",2016-07-23,11.3,NA,NA,0.47528,0.336092,0.106464,0.059772,NA,NA,NA,NA,NA,NA,NA,2.97426548672566,NA,4.20601769911504,NA,5.28955752212389,NA,7951.54922037074,4.46423204087767,NA,NA,NA,NA,NA,NA,"2016",2024-07-23
"31",108,"LAE01","Outlet",2016-07-31,11.8,3.23,0.07042039,0.51824,0.367196,0.115956,0.064644,NA,NA,NA,NA,NA,NA,NA,3.11183050847458,NA,4.39186440677966,NA,5.47830508474576,NA,8016.83064166821,4.46928145158508,NA,0.273728813559322,NA,0.00596782966101695,NA,2.18019783281734,"2016",2024-07-31
"32",108,"LAE01","Outlet",2016-08-07,12.3,NA,NA,0.531984,0.380844,0.120876,0.066834,NA,NA,NA,NA,NA,NA,NA,3.09629268292683,NA,4.32507317073171,NA,5.43365853658537,NA,7959.78094981596,4.40107217313611,NA,NA,NA,NA,NA,NA,"2016",2024-08-07
"33",108,"LAE01","Outlet",2016-08-14,13.4,NA,NA,0.63315,0.453222,0.144714,0.080574,NA,NA,NA,NA,NA,NA,NA,3.38225373134328,NA,4.725,NA,6.01298507462687,NA,7857.9938938119,4.37518139226336,NA,NA,NA,NA,NA,NA,"2016",2024-08-14
"34",108,"LAE01","Outlet",2016-08-21,12.8,NA,NA,0.589626,0.419616,0.13404,0.074814,NA,NA,NA,NA,NA,NA,NA,3.27825,NA,4.606453125,NA,5.84484375,NA,7881.22543908894,4.39888093106535,NA,NA,NA,NA,NA,NA,"2016",2024-08-21
"35",108,"LAE01","Outlet",2016-08-28,12.8,3.262757,0.08,0.57558,0.412308,0.133014,0.074826,NA,NA,NA,NA,NA,NA,NA,3.22115625,NA,4.49671875,NA,5.84578125,NA,7692.24601074493,4.32721367675583,NA,0.254902890625,NA,0.00625,NA,2.45191413274111,"2016",2024-08-28
"36",108,"LAE01","Outlet",2016-09-05,12.5,NA,NA,0.592488,0.423612,0.137262,0.07752,NA,NA,NA,NA,NA,NA,NA,3.388896,NA,4.739904,NA,6.2016,NA,7643.03405572755,4.31647506228964,NA,NA,NA,NA,NA,NA,"2016",2024-09-05
"37",108,"LAE01","Outlet",2016-09-11,12.3,NA,NA,0.554844,0.394734,0.126654,0.071172,NA,NA,NA,NA,NA,NA,NA,3.20921951219512,NA,4.51092682926829,NA,5.78634146341463,NA,7795.81858034058,4.38078544696575,NA,NA,NA,NA,NA,NA,"2016",2024-09-11
"38",NA,"","Outlet",2016-09-15,NA,NA,NA,NA,NA,NA,NA,2.91,0.07,12.22,0.417,0.296,0.092,0.051,NA,2.42225859247136,NA,3.41243862520458,NA,4.1734860883797,NA,NA,4.53260869565217,NA,0.238134206219313,NA,0.00572831423895254,NA,"2016",2024-09-15
"39",108,"LAE01","Outlet",2016-09-18,12,NA,NA,0.539802,0.383958,0.1242726,0.070416,NA,NA,NA,NA,NA,NA,NA,3.19965,NA,4.49835,NA,5.868,NA,7665.89979550102,4.3436928172421,NA,NA,NA,NA,NA,NA,"2016",2024-09-18
"40",108,"LAE01","Outlet",2016-09-19,12,NA,NA,NA,NA,NA,NA,NA,NA,NA,NA,NA,NA,NA,NA,NA,NA,NA,NA,NA,NA,NA,NA,NA,NA,NA,NA,NA,"2016",2024-09-19
"41",108,"LAE01","Outlet",2016-09-24,11.8,3.780215,0.1,0.520308,0.36954,0.1186926,0.067464,NA,NA,NA,NA,NA,NA,NA,3.13169491525424,NA,4.40938983050847,NA,5.71728813559322,NA,7712.37993596585,4.38365997543234,NA,0.32035720338983,NA,0.00847457627118644,NA,2.64535218234942,"2016",2024-09-24
"42",108,"LAE01","Outlet",2016-10-02,11.7,NA,NA,0.52737,0.377454,0.122814,0.069288,NA,NA,NA,NA,NA,NA,NA,3.22610256410256,NA,4.5074358974359,NA,5.92205128205128,NA,7611.2746795982,4.29405442376276,NA,NA,NA,NA,NA,NA,"2016",2024-10-02
"43",108,"LAE01","Outlet",2016-10-09,11.2,NA,NA,0.531492,0.381648,0.125766,0.071658,NA,NA,NA,NA,NA,NA,NA,3.40757142857143,NA,4.74546428571429,NA,6.39803571428571,NA,7417.06438918195,4.22603883402509,NA,NA,NA,NA,NA,NA,"2016",2024-10-09
"44",108,"LAE01","Outlet",2016-10-17,10.7,NA,NA,0.554334,0.397986,0.131754,0.075108,NA,NA,NA,NA,NA,NA,NA,3.7194953271028,NA,5.18069158878505,NA,7.01943925233645,NA,7380.4920913884,4.20734095359534,NA,NA,NA,NA,NA,NA,"2016",2024-10-17
"45",108,"LAE01","Outlet",2016-10-20,11.3,NA,NA,0.51228,0.366858,0.120912,0.069264,NA,NA,NA,NA,NA,NA,NA,3.24653097345133,NA,4.53345132743363,NA,6.12955752212389,NA,7396.04989604989,4.23680031758634,NA,NA,NA,NA,NA,NA,"2016",2024-10-20
"46",108,"LAE01","Outlet",2016-10-24,11.1,NA,NA,0.537132,0.3854034,0.127152,0.072354,NA,NA,NA,NA,NA,NA,NA,3.4721027027027,NA,4.83902702702703,NA,6.51837837837838,NA,7423.66697072726,4.22432993582484,NA,NA,NA,NA,NA,NA,"2016",2024-10-24
"47",108,"LAE01","Outlet",2016-10-30,11.4,3.895,0.141265,0.541788,0.387402,0.126546,0.072102,NA,NA,NA,NA,NA,NA,NA,3.39826315789474,NA,4.75252631578947,NA,6.32473684210526,NA,7514.18823333611,4.28135223555071,NA,0.341666666666667,NA,0.0123916666666667,NA,3.62682926829268,"2016",2024-10-30
"48",108,"LAE01","Outlet",2016-11-07,11.7,NA,NA,0.546016,0.391456,0.127784,0.0722364,NA,NA,NA,NA,NA,NA,NA,3.34577777777778,NA,4.66680341880342,NA,6.17405128205128,NA,7558.73770010687,4.27296062104802,NA,NA,NA,NA,NA,NA,"2016",2024-11-07
"49",108,"LAE01","Outlet",2016-11-13,12.3,NA,NA,0.5763,0.413112,0.134508,0.0755404,NA,NA,NA,NA,NA,NA,NA,3.35863414634146,NA,4.68536585365854,NA,6.14149593495935,NA,7629.03029372362,4.28450352395397,NA,NA,NA,NA,NA,NA,"2016",2024-11-13
"50",108,"LAE01","Outlet",2016-11-19,12.1,NA,NA,0.571304,0.410404,0.133564,0.0748884,NA,NA,NA,NA,NA,NA,NA,3.39176859504132,NA,4.72152066115703,NA,6.18912396694215,NA,7628.73822915165,4.277380132371,NA,NA,NA,NA,NA,NA,"2016",2024-11-19
"51",108,"LAE01","Outlet",2016-11-27,13.2,3.714192,0.12383905,0.562948,0.405824,0.13078,0.07258,NA,NA,NA,NA,NA,NA,NA,3.07442424242424,NA,4.26475757575758,NA,5.49848484848485,NA,7756.24138881234,4.30454197889586,NA,0.281378181818182,NA,0.00938174621212121,NA,3.33421239397425,"2016",2024-11-27
"52",108,"LAE01","Outlet",2016-12-04,13.5,NA,NA,0.569704,0.410656,0.13272,0.073492,NA,NA,NA,NA,NA,NA,NA,3.0418962962963,NA,4.22002962962963,NA,5.44385185185185,NA,7751.91857617156,4.29252561784207,NA,NA,NA,NA,NA,NA,"2016",2024-12-04
"53",108,"LAE01","Outlet",2016-12-11,13,NA,NA,0.579868,0.417748,0.1345,0.074272,NA,NA,NA,NA,NA,NA,NA,3.21344615384615,NA,4.46052307692308,NA,5.71323076923077,NA,7807.35674278328,4.31128624535316,NA,NA,NA,NA,NA,NA,"2016",2024-12-11
"54",108,"LAE01","Outlet",2016-12-18,13.5,NA,NA,0.618936,0.447336,0.144488,0.079784,NA,NA,NA,NA,NA,NA,NA,3.3136,NA,4.58471111111111,NA,5.90992592592593,NA,7757.64564323674,4.28364985327501,NA,NA,NA,NA,NA,NA,"2016",2024-12-18
"55",108,"LAE01","Outlet",2016-12-27,13.1,3.660273,0.12899505,0.651044,0.470736,0.152904,0.085452,NA,NA,NA,NA,NA,NA,NA,3.59340458015267,NA,4.96980152671756,NA,6.5230534351145,NA,7618.8269437813,4.25786114163135,NA,0.279410152671756,NA,0.00984695038167939,NA,3.52419204797019,"2016",2024-12-27
"56",108,"LAE01","Outlet",2017-01-01,13.1,NA,NA,0.656656,0.472852,0.152836,0.084828,NA,NA,NA,NA,NA,NA,NA,3.6095572519084,NA,5.01264122137405,NA,6.47541984732824,NA,7741.02890555005,4.29647465256877,NA,NA,NA,NA,NA,NA,"2017",2024-01-01
"57",108,"LAE01","Outlet",2017-01-08,13.8,NA,NA,0.649772,0.468076,0.151408,0.084144,NA,NA,NA,NA,NA,NA,NA,3.39185507246377,NA,4.70849275362319,NA,6.09739130434783,NA,7722.14299296444,4.29153017013632,NA,NA,NA,NA,NA,NA,"2017",2024-01-08
"58",108,"LAE01","Outlet",2017-01-15,13.4,NA,NA,0.67946,0.490512,0.159032,0.08866,NA,NA,NA,NA,NA,NA,NA,3.66053731343284,NA,5.07059701492537,NA,6.61641791044776,NA,7663.65892172344,4.27247346445998,NA,NA,NA,NA,NA,NA,"2017",2024-01-15
"59",108,"LAE01","Outlet",2017-01-22,13.1,NA,NA,0.635304,0.45864,0.148064,0.082076,NA,NA,NA,NA,NA,NA,NA,3.50106870229008,NA,4.84964885496183,NA,6.26534351145038,NA,7740.43569374726,4.29073913983142,NA,NA,NA,NA,NA,NA,"2017",2024-01-22
"60",108,"LAE01","Outlet",2017-01-25,13.7,NA,NA,0.644912,0.46474,0.149868,0.083104,2.97,0.09,13.63,0.541,0.388,0.124,0.07,3.39226277372263,2.84666177549523,4.70738686131387,3.96918561995598,6.06598540145985,5.13573000733676,7760.30034655372,4.30320014946486,4.36290322580645,NA,0.217901687454145,NA,0.0066030814380044,NA,"2017",2024-01-25
"61",108,"LAE01","Outlet",2017-01-29,14.2,4.1843,0.02921968,0.668852,0.479944,0.154256,0.085684,NA,NA,NA,NA,NA,NA,NA,3.37988732394366,NA,4.71022535211268,NA,6.03408450704225,NA,7806.03146445077,4.33598693081631,NA,0.294669014084507,NA,0.00205772394366197,NA,0.698317042277083,"2017",2024-01-29
"62",108,"LAE01","Outlet",2017-02-05,13,NA,NA,0.6331996,0.458044,0.148928,0.083044,NA,NA,NA,NA,NA,NA,NA,3.52341538461538,NA,4.87076615384615,NA,6.388,NA,7624.86874428014,4.251716265578,NA,NA,NA,NA,NA,NA,"2017",2024-02-05
"63",108,"LAE01","Outlet",2017-02-11,13.1,NA,NA,0.6400236,0.464728,0.151864,0.085088,NA,NA,NA,NA,NA,NA,NA,3.54754198473282,NA,4.88567633587786,NA,6.49526717557252,NA,7521.90203083866,4.21445240478323,NA,NA,NA,NA,NA,NA,"2017",2024-02-11
"64",108,"LAE01","Outlet",2017-02-19,13.2,NA,NA,0.6250836,0.453848,0.147936,0.083072,NA,NA,NA,NA,NA,NA,NA,3.43824242424242,NA,4.73548181818182,NA,6.29333333333333,NA,7524.60034668721,4.22536502271252,NA,NA,NA,NA,NA,NA,"2017",2024-02-19
"65",108,"LAE01","Outlet",2017-02-25,13.2,3.430818,0.06600567,0.635636,0.460128,0.149428,0.08322,NA,NA,NA,NA,NA,NA,NA,3.48581818181818,NA,4.81542424242424,NA,6.30454545454545,NA,7638.01970680125,4.25379446957732,NA,0.259910454545455,NA,0.00500042954545455,NA,1.92390473642146,"2017",2024-02-25
"66",108,"LAE01","Outlet",2017-03-06,12.4,NA,NA,0.593752,0.427392,0.135712,0.073152,NA,NA,NA,NA,NA,NA,NA,3.44670967741935,NA,4.78832258064516,NA,5.89935483870968,NA,8116.68853893263,4.37508842254185,NA,NA,NA,NA,NA,NA,"2017",2024-03-06
"67",108,"LAE01","Outlet",2017-03-11,12.7,NA,NA,0.614232,0.447136,0.146068,0.081588,NA,NA,NA,NA,NA,NA,NA,3.52075590551181,NA,4.83647244094488,NA,6.42425196850394,NA,7528.46006765701,4.20510994879097,NA,NA,NA,NA,NA,NA,"2017",2024-03-11
"68",108,"LAE01","Outlet",2017-03-18,12.6,NA,NA,0.576356,0.417584,0.135356,0.075272,NA,NA,NA,NA,NA,NA,NA,3.31415873015873,NA,4.57425396825397,NA,5.97396825396825,NA,7656.97736210012,4.25807500221638,NA,NA,NA,NA,NA,NA,"2017",2024-03-18
"69",108,"LAE01","Outlet",2017-03-25,12.6,3.613785,0.12347679,0.600804,0.435776,0.142404,0.079636,NA,NA,NA,NA,NA,NA,NA,3.45853968253968,NA,4.76828571428571,NA,6.32031746031746,NA,7544.37691496308,4.21901070194657,NA,0.286808333333333,NA,0.00979974523809524,NA,3.41682723238931,"2017",2024-03-25
"70",108,"LAE01","Outlet",2017-04-01,12.7,NA,NA,0.597264,0.433744,0.139384,0.077356,2.89,0.051,10.29,0.619,NA,0.143,0.078,3.41530708661417,NA,4.70286614173228,6.01554907677357,6.09102362204724,7.5801749271137,7720.9783339366,4.28502554095162,4.32867132867133,NA,0.280855199222546,NA,0.00495626822157434,NA,"2017",2024-04-01
"71",108,"LAE01","Outlet",2017-04-09,11.6,NA,NA,0.55512,0.4028,0.128872,0.070884,NA,NA,NA,NA,NA,NA,NA,3.47241379310345,NA,4.78551724137931,NA,6.11068965517241,NA,7831.38649060437,4.30752995220063,NA,NA,NA,NA,NA,NA,"2017",2024-04-09
"72",108,"LAE01","Outlet",2017-04-16,10.2,NA,NA,0.464544,0.336428,0.108056,0.059704,NA,NA,NA,NA,NA,NA,NA,3.2983137254902,NA,4.55435294117647,NA,5.85333333333333,NA,7780.78520702131,4.29910416820908,NA,NA,NA,NA,NA,NA,"2017",2024-04-16
"73",108,"LAE01","Outlet",2017-04-23,10.3,NA,NA,0.490668,0.35612,0.115868,0.064352,NA,NA,NA,NA,NA,NA,NA,3.45747572815534,NA,4.76376699029126,NA,6.24776699029126,NA,7624.75136747887,4.23471536576104,NA,NA,NA,NA,NA,NA,"2017",2024-04-23
"74",108,"LAE01","Outlet",2017-04-30,10.7,2.459634,0.04655617,0.471344,0.340344,0.109996,0.061204,NA,NA,NA,NA,NA,NA,NA,3.18078504672897,NA,4.40508411214953,NA,5.72,NA,7701.19600026142,4.28510127641005,NA,0.229872336448598,NA,0.00435104392523365,NA,1.8928088487962,"2017",2024-04-30
"75",108,"LAE01","Outlet",2017-05-07,9.6,NA,NA,0.451788,0.325756,0.105504,0.058464,NA,NA,NA,NA,NA,NA,NA,3.39329166666667,NA,4.706125,NA,6.09,NA,7727.62725779967,4.28218835304823,NA,NA,NA,NA,NA,NA,"2017",2024-05-07
"76",108,"LAE01","Outlet",2017-05-14,9.1,NA,NA,0.44072,0.316652,0.103068,0.057484,NA,NA,NA,NA,NA,NA,NA,3.47969230769231,NA,4.84307692307692,NA,6.31692307692308,NA,7666.8290306868,4.27601195327357,NA,NA,NA,NA,NA,NA,"2017",2024-05-14
"77",108,"LAE01","Outlet",2017-05-21,10.1,NA,NA,0.484384,0.350408,0.1153644,0.06532,NA,NA,NA,NA,NA,NA,NA,3.46938613861386,NA,4.79588118811881,NA,6.46732673267327,NA,7415.55419473362,4.19873028421246,NA,NA,NA,NA,NA,NA,"2017",2024-05-21
"78",108,"LAE01","Outlet",2017-05-28,10,3.516298,0.06640107,0.448908,0.318832,0.1022004,0.05726,NA,NA,NA,NA,NA,NA,NA,3.18832,NA,4.48908,NA,5.726,NA,7839.81837233671,4.39242899245013,NA,0.3516298,NA,0.006640107,NA,1.88838005197512,"2017",2024-05-28
"79",108,"LAE01","Outlet",2017-06-04,10.1,NA,NA,0.431292,0.305584,0.0965204,0.053564,NA,NA,NA,NA,NA,NA,NA,3.02558415841584,NA,4.27021782178218,NA,5.30336633663366,NA,8051.90053020686,4.46840253459372,NA,NA,NA,NA,NA,NA,"2017",2024-06-04
"80",NA,"","Outlet",2017-06-06,NA,NA,NA,NA,NA,NA,NA,NA,NA,8.26,0.452,NA,0.107,0.062,NA,NA,NA,5.47215496368039,NA,7.50605326876513,NA,NA,4.22429906542056,NA,NA,NA,NA,NA,"2017",2024-06-06
"81",108,"LAE01","Outlet",2017-06-11,11.8,NA,NA,0.5216,0.37486,0.118712,0.065044,NA,NA,NA,NA,NA,NA,NA,3.17677966101695,NA,4.42033898305085,NA,5.51220338983051,NA,8019.18701186889,4.39382707729631,NA,NA,NA,NA,NA,NA,"2017",2024-06-11
"82",108,"LAE01","Outlet",2017-06-18,12.1,NA,NA,0.540184,0.389568,0.125224,0.069684,NA,NA,NA,NA,NA,NA,NA,3.21957024793388,NA,4.4643305785124,NA,5.75900826446281,NA,7751.90861603811,4.31374177473967,NA,NA,NA,NA,NA,NA,"2017",2024-06-18
"83",108,"LAE01","Outlet",2017-06-25,11.8,4.206796,0.05783514,0.539452,0.385804,0.122668,0.06842,NA,NA,NA,NA,NA,NA,NA,3.26952542372881,NA,4.57162711864407,NA,5.79830508474576,NA,7884.41976030401,4.39765872110086,NA,0.35650813559322,NA,0.00490128305084746,NA,1.37480258134694,"2017",2024-06-25
"84",108,"LAE01","Outlet",2017-07-02,11.5,NA,NA,0.518024,0.367768,0.115888,0.064172,NA,NA,NA,NA,NA,NA,NA,3.19798260869565,NA,4.50455652173913,NA,5.58017391304348,NA,8072.43034345197,4.47004003865801,NA,NA,NA,NA,NA,NA,"2017",2024-07-02
"85",108,"LAE01","Outlet",2017-07-10,11.6,NA,NA,0.520504,0.368648,0.116444,0.065036,NA,NA,NA,NA,NA,NA,NA,3.178,NA,4.48710344827586,NA,5.60655172413793,NA,8003.32123746848,4.46999416028305,NA,NA,NA,NA,NA,NA,"2017",2024-07-10
"86",108,"LAE01","Outlet",2017-07-16,10.9,NA,NA,0.446652,0.317656,0.101192,0.057052,NA,NA,NA,NA,NA,NA,NA,2.9142752293578,NA,4.0977247706422,NA,5.23412844036697,NA,7828.85788403562,4.41390623764724,NA,NA,NA,NA,NA,NA,"2017",2024-07-16
"87",108,"LAE01","Outlet",2017-07-24,10.4,NA,NA,0.418832,0.29592,0.09372,0.05236,NA,NA,NA,NA,NA,NA,NA,2.84538461538462,NA,4.02723076923077,NA,5.03461538461538,NA,7999.08326967151,4.46897140418267,NA,NA,NA,NA,NA,NA,"2017",2024-07-24
"88",108,"LAE01","Outlet",2017-07-30,10.8,3.535249,0.07045421,0.459396,0.3256556,0.105276,0.060592,NA,NA,NA,NA,NA,NA,NA,3.01532962962963,NA,4.25366666666667,NA,5.61037037037037,NA,7581.79297597043,4.36372962498575,NA,0.32733787037037,NA,0.00652353796296296,NA,1.99290658168633,"2017",2024-07-30
"89",108,"LAE01","Outlet",2017-08-05,11.4,NA,NA,0.440532,0.3107,0.098258,0.05388,NA,NA,NA,NA,NA,NA,NA,2.72543859649123,NA,3.86431578947368,NA,4.72631578947368,NA,8176.16926503341,4.4834211972562,NA,NA,NA,NA,NA,NA,"2017",2024-08-05
"90",108,"LAE01","Outlet",2017-08-14,15.1,NA,NA,0.632256,0.450116,0.14406,0.080168,NA,NA,NA,NA,NA,NA,NA,2.98090066225166,NA,4.18712582781457,NA,5.30913907284768,NA,7886.63806007384,4.38883798417326,NA,NA,NA,NA,NA,NA,"2017",2024-08-14
"91",108,"LAE01","Outlet",2017-08-20,15.4,NA,NA,0.660248,0.474492,0.153512,0.085768,NA,NA,NA,NA,NA,NA,NA,3.08111688311688,NA,4.28732467532467,NA,5.56935064935065,NA,7698.06920996176,4.30095367137422,NA,NA,NA,NA,NA,NA,"2017",2024-08-20
"92",108,"LAE01","Outlet",2017-08-26,15.3,4.518225,0.05343699,0.646804,0.461344,0.14846,0.082784,NA,NA,NA,NA,NA,NA,NA,3.01532026143791,NA,4.22747712418301,NA,5.41071895424836,NA,7813.15229996135,4.35675602855988,NA,0.295308823529412,NA,0.0034926137254902,NA,1.1826987367827,"2017",2024-08-26
"93",108,"LAE01","Outlet",2017-09-03,14.8,NA,NA,0.628784,0.44904,0.145448,0.081876,NA,NA,NA,NA,NA,NA,NA,3.03405405405405,NA,4.24854054054054,NA,5.53216216216216,NA,7679.71078215838,4.32308453880425,NA,NA,NA,NA,NA,NA,"2017",2024-09-03
"94",108,"LAE01","Outlet",2017-09-10,14,NA,NA,NA,NA,NA,NA,NA,NA,NA,NA,NA,NA,NA,NA,NA,NA,NA,NA,NA,NA,NA,NA,NA,NA,NA,NA,NA,"2017",2024-09-10
"95",108,"LAE01","Outlet",2017-09-16,15.2,NA,NA,0.663496,0.476464,0.153016,0.084864,NA,NA,NA,NA,NA,NA,NA,3.13463157894737,NA,4.36510526315789,NA,5.58315789473684,NA,7818.34464555053,4.33612171276206,NA,NA,NA,NA,NA,NA,"2017",2024-09-16
"96",NA,"","Outlet",2017-09-22,NA,NA,NA,NA,NA,NA,NA,3.86,0.059,16.91,0.681,NA,0.157,0.087,NA,NA,NA,4.02720283855707,NA,5.14488468361916,NA,NA,4.3375796178344,NA,0.228267297457126,NA,0.00348905972797161,NA,"2017",2024-09-22
"97",108,"LAE01","Outlet",2017-09-24,14.7,4.50964,0.06044691,0.650224,0.469376,0.152028,0.084756,NA,NA,NA,NA,NA,NA,NA,3.19303401360544,NA,4.4232925170068,NA,5.76571428571429,NA,7671.71645665204,4.27700160496751,NA,0.306778231292517,NA,0.00411203469387755,NA,1.34039324646757,"2017",2024-09-24
"98",108,"LAE01","Outlet",2017-10-01,15.3,NA,NA,0.649148,0.471368,0.153608,0.08546,NA,NA,NA,NA,NA,NA,NA,3.08083660130719,NA,4.24279738562091,NA,5.58562091503268,NA,7595.9279194945,4.22600385396594,NA,NA,NA,NA,NA,NA,"2017",2024-10-01
"99",108,"LAE01","Outlet",2017-10-08,14.5,NA,NA,0.647524,0.46878,0.151988,0.084848,NA,NA,NA,NA,NA,NA,NA,3.23296551724138,NA,4.46568275862069,NA,5.85158620689655,NA,7631.57646615123,4.26036266021002,NA,NA,NA,NA,NA,NA,"2017",2024-10-08
"100",108,"LAE01","Outlet",2017-10-15,13.4,NA,NA,0.625644,0.452984,0.146376,0.08124,NA,NA,NA,NA,NA,NA,NA,3.3804776119403,NA,4.66898507462687,NA,6.06268656716418,NA,7701.18168389956,4.27422528283325,NA,NA,NA,NA,NA,NA,"2017",2024-10-15
"101",108,"LAE01","Outlet",2017-10-23,13.9,NA,NA,0.635464,0.461348,0.14892,0.082492,NA,NA,NA,NA,NA,NA,NA,3.31905035971223,NA,4.57168345323741,NA,5.93467625899281,NA,7703.34093002958,4.26715014773032,NA,NA,NA,NA,NA,NA,"2017",2024-10-23
"102",108,"LAE01","Outlet",2017-10-28,13.3,4.488232,0.06748253,0.626736,0.454904,0.148288,0.083068,NA,NA,NA,NA,NA,NA,NA,3.42033082706767,NA,4.7123007518797,NA,6.24571428571429,NA,7544.85481773968,4.22647820457488,NA,0.337461052631579,NA,0.00507387443609023,NA,1.50354371164414,"2017",2024-10-28
"103",108,"LAE01","Outlet",2017-11-05,13.8,NA,NA,0.617228,0.446628,0.143692,0.079652,NA,NA,NA,NA,NA,NA,NA,3.2364347826087,NA,4.47266666666667,NA,5.77188405797101,NA,7749.05840405765,4.29549313810094,NA,NA,NA,NA,NA,NA,"2017",2024-11-05
"104",108,"LAE01","Outlet",2017-11-12,13.4,NA,NA,0.615936,0.447492,0.144932,0.08054,NA,NA,NA,NA,NA,NA,NA,3.33949253731343,NA,4.59653731343284,NA,6.01044776119403,NA,7647.57884281103,4.24982750531284,NA,NA,NA,NA,NA,NA,"2017",2024-11-12
"105",108,"LAE01","Outlet",2017-11-18,13.1,NA,NA,0.625092,0.454292,0.147,0.081624,NA,NA,NA,NA,NA,NA,NA,3.46787786259542,NA,4.77169465648855,NA,6.23083969465649,NA,7658.18876800941,4.25232653061224,NA,NA,NA,NA,NA,NA,"2017",2024-11-18
"106",108,"LAE01","Outlet",2017-11-26,13.4,2.587687,0.07569423,0.608848,0.444868,0.144392,0.079824,NA,NA,NA,NA,NA,NA,NA,3.31991044776119,NA,4.54364179104478,NA,5.95701492537313,NA,7627.38023652034,4.21663250041554,NA,0.193110970149254,NA,0.00564882313432836,NA,2.92516946601347,"2017",2024-11-26
"107",108,"LAE01","Outlet",2017-12-03,13.4,NA,NA,0.624228,0.456948,0.149336,0.08332,NA,NA,NA,NA,NA,NA,NA,3.41005970149254,NA,4.65841791044776,NA,6.21791044776119,NA,7491.93470955353,4.18002357100766,NA,NA,NA,NA,NA,NA,"2017",2024-12-03
"108",108,"LAE01","Outlet",2017-12-11,13.2,NA,NA,0.625572,0.458384,0.148532,0.081888,NA,NA,NA,NA,NA,NA,NA,3.47260606060606,NA,4.73918181818182,NA,6.20363636363636,NA,7639.36107854631,4.21169848921445,NA,NA,NA,NA,NA,NA,"2017",2024-12-11
"109",108,"LAE01","Outlet",2017-12-17,14,NA,NA,0.637808,0.46608,0.150984,0.083312,NA,NA,NA,NA,NA,NA,NA,3.32914285714286,NA,4.55577142857143,NA,5.95085714285714,NA,7655.65584789706,4.22434165209559,NA,NA,NA,NA,NA,NA,"2017",2024-12-17
"110",108,"LAE01","Outlet",2017-12-23,13.9,NA,NA,0.600488,0.439252,0.142308,0.078632,NA,NA,NA,NA,NA,NA,NA,3.16008633093525,NA,4.32005755395683,NA,5.65697841726619,NA,7636.68735374911,4.2196362818675,NA,NA,NA,NA,NA,NA,"2017",2024-12-23
"111",108,"LAE01","Outlet",2017-12-29,13.4,4.043288,0.07045116,0.652816,0.47584,0.153624,0.084756,NA,NA,NA,NA,NA,NA,NA,3.5510447761194,NA,4.87176119402985,NA,6.32507462686567,NA,7702.29836235783,4.24944019163672,NA,0.301737910447761,NA,0.00525754925373134,NA,1.74242250366533,"2017",2024-12-29
"112",108,"LAE01","Outlet",2018-01-06,13.2,NA,NA,0.597708,0.437788,0.142716,0.079672,NA,NA,NA,NA,NA,NA,NA,3.31657575757576,NA,4.52809090909091,NA,6.03575757575758,NA,7502.10864544633,4.18809383671067,NA,NA,NA,NA,NA,NA,"2018",2024-01-06
"113",108,"LAE01","Outlet",2018-01-16,13.1,NA,NA,0.613464,0.448096,0.146352,0.081492,NA,NA,NA,NA,NA,NA,NA,3.42058015267176,NA,4.68293129770992,NA,6.22076335877863,NA,7527.90457959063,4.19170219744178,NA,NA,NA,NA,NA,NA,"2018",2024-01-16
"114",108,"LAE01","Outlet",2018-01-22,13,NA,NA,0.585856,0.428992,0.140564,0.078544,NA,NA,NA,NA,NA,NA,NA,3.29993846153846,NA,4.50658461538462,NA,6.04184615384615,NA,7458.95294357303,4.1678950513645,NA,NA,NA,NA,NA,NA,"2018",2024-01-22
"115",108,"LAE01","Outlet",2018-01-25,12.7,3.507779,0.06777522,0.590536,0.431276,0.140856,0.078596,NA,NA,NA,NA,NA,NA,NA,3.39587401574803,NA,4.64988976377953,NA,6.18866141732283,NA,7513.56303119752,4.19248026353155,NA,0.276203070866142,NA,0.00533663149606299,NA,1.9321405367898,"2018",2024-01-25
"116",108,"LAE01","Outlet",2018-02-02,12.3,NA,NA,0.594372,0.434524,0.141848,0.078728,NA,NA,NA,NA,NA,NA,NA,3.53271544715447,NA,4.83229268292683,NA,6.40065040650407,NA,7549.69007214714,4.19020359821781,NA,NA,NA,NA,NA,NA,"2018",2024-02-02
"117",108,"LAE01","Outlet",2018-02-11,12.3,NA,NA,0.58772,0.430868,0.141452,0.0789,NA,NA,NA,NA,NA,NA,NA,3.5029918699187,NA,4.77821138211382,NA,6.41463414634146,NA,7448.9226869455,4.15490767186042,NA,NA,NA,NA,NA,NA,"2018",2024-02-11
"118",108,"LAE01","Outlet",2018-02-19,12.3,NA,NA,0.580348,0.424924,0.139584,0.07764,NA,NA,NA,NA,NA,NA,NA,3.45466666666667,NA,4.71827642276423,NA,6.31219512195122,NA,7474.85832045337,4.15769715726731,NA,NA,NA,NA,NA,NA,"2018",2024-02-19
"119",108,"LAE01","Outlet",2018-02-24,12.1,3.01419,0.07899634,0.580408,0.424532,0.138844,0.077336,NA,NA,NA,NA,NA,NA,NA,3.50852892561984,NA,4.79676033057851,NA,6.39140495867769,NA,7505.01706837695,4.18028866929792,NA,0.249106611570248,NA,0.00652862314049587,NA,2.62081487895587,"2018",2024-02-24
"120",108,"LAE01","Outlet",2018-03-03,11.9,NA,NA,0.538928,0.395932,0.131424,0.07376,NA,NA,NA,NA,NA,NA,NA,3.32715966386555,NA,4.52880672268908,NA,6.19831932773109,NA,7306.50759219089,4.10068176284392,NA,NA,NA,NA,NA,NA,"2018",2024-03-03
"121",108,"LAE01","Outlet",2018-03-10,11.8,NA,NA,0.536988,0.393188,0.129092,0.07204,NA,NA,NA,NA,NA,NA,NA,3.33210169491525,NA,4.55074576271186,NA,6.10508474576271,NA,7454.02554136591,4.15973104452638,NA,NA,NA,NA,NA,NA,"2018",2024-03-10
"122",108,"LAE01","Outlet",2018-03-19,12.3,NA,NA,0.55648,0.408504,0.135508,0.076144,NA,NA,NA,NA,NA,NA,NA,3.32117073170732,NA,4.52422764227642,NA,6.19056910569106,NA,7308.25803740282,4.10662101130561,NA,NA,NA,NA,NA,NA,"2018",2024-03-19
"123",108,"LAE01","Outlet",2018-03-24,11.6,3.32,0.03322068,0.567252,0.416356,0.137424,0.077028,NA,NA,NA,NA,NA,NA,NA,3.58927586206897,NA,4.89010344827586,NA,6.64034482758621,NA,7364.23118865867,4.12775061124694,NA,0.286206896551724,NA,0.00286385172413793,NA,1.00062289156627,"2018",2024-03-24
"124",108,"LAE01","Outlet",2018-04-03,12.2,NA,NA,0.51102,0.3787,0.126764,0.071644,NA,NA,NA,NA,NA,NA,NA,3.10409836065574,NA,4.18868852459016,NA,5.87245901639344,NA,7132.76757299983,4.03127070777192,NA,NA,NA,NA,NA,NA,"2018",2024-04-03
"125",108,"LAE01","Outlet",2018-04-07,12.3,NA,NA,0.577256,0.42378,0.140064,0.078544,NA,NA,NA,NA,NA,NA,NA,3.44536585365854,NA,4.69313821138211,NA,6.38569105691057,NA,7349.46017518843,4.12137308658899,NA,NA,NA,NA,NA,NA,"2018",2024-04-07
"126",108,"LAE01","Outlet",2018-04-17,14.1,NA,NA,0.602612,0.441056,0.142652,0.07838,NA,NA,NA,NA,NA,NA,NA,3.12805673758865,NA,4.27384397163121,NA,5.55886524822695,NA,7688.33886195458,4.22435016683958,NA,NA,NA,NA,NA,NA,"2018",2024-04-17
"127",108,"LAE01","Outlet",2018-04-21,11.2,NA,NA,0.453116,0.329316,0.10454,0.057428,NA,NA,NA,NA,NA,NA,NA,2.94032142857143,NA,4.04567857142857,NA,5.1275,NA,7890.15811102598,4.33437918500096,NA,NA,NA,NA,NA,NA,"2018",2024-04-21
"128",108,"LAE01","Outlet",2018-04-30,8.1,3.04,0.02276699,0.372352,0.270844,0.088616,0.0494,NA,NA,NA,NA,NA,NA,NA,3.34375308641975,NA,4.59693827160494,NA,6.09876543209877,NA,7537.48987854251,4.20185970930757,NA,0.375308641975309,NA,0.00281073950617284,NA,0.748914144736842,"2018",2024-04-30
"129",108,"LAE01","Outlet",2018-05-06,7,NA,NA,NA,NA,NA,NA,NA,NA,NA,NA,NA,NA,NA,NA,NA,NA,NA,NA,NA,NA,NA,NA,NA,NA,NA,NA,NA,"2018",2024-05-06
"130",108,"LAE01","Outlet",2018-05-14,7.9,NA,NA,0.3509502,0.25231,0.083724,0.04708,NA,NA,NA,NA,NA,NA,NA,3.19379746835443,NA,4.44240759493671,NA,5.95949367088608,NA,7454.3372982158,4.1917514691128,NA,NA,NA,NA,NA,NA,"2018",2024-05-14
"131",108,"LAE01","Outlet",2018-05-21,7.5,NA,NA,0.344076,0.245102,0.079762,0.044996,NA,NA,NA,NA,NA,NA,NA,3.26802666666667,NA,4.58768,NA,5.99946666666667,NA,7646.81305004889,4.31378350593014,NA,NA,NA,NA,NA,NA,"2018",2024-05-21
"132",108,"LAE01","Outlet",2018-05-27,7.4,2.72,0.05326135,0.328796,0.230964,0.072508,0.03998,NA,NA,NA,NA,NA,NA,NA,3.12113513513513,NA,4.44318918918919,NA,5.4027027027027,NA,8224.012006003,4.53461686986264,NA,0.367567567567568,NA,0.00719747972972973,NA,1.95813786764706,"2018",2024-05-27
"133",NA,"","Outlet",2018-05-29,NA,NA,NA,NA,NA,NA,NA,2.4,NA,7.4,0.329,0.232,0.068,0.035,NA,3.13513513513514,NA,4.44594594594595,NA,4.72972972972973,NA,NA,4.83823529411765,NA,0.324324324324324,NA,NA,NA,"2018",2024-05-29
"134",108,"LAE01","Outlet",2018-06-03,7.5,NA,NA,0.300694,0.21192,0.066496,0.036584,NA,NA,NA,NA,NA,NA,NA,2.8256,NA,4.00925333333333,NA,4.87786666666667,NA,8219.27618631096,4.52198628488932,NA,NA,NA,NA,NA,NA,"2018",2024-06-03
"135",108,"LAE01","Outlet",2018-06-10,7.2,NA,NA,0.30748,0.215334,0.068164,0.037888,NA,NA,NA,NA,NA,NA,NA,2.99075,NA,4.27055555555556,NA,5.26222222222222,NA,8115.49831081081,4.51088551141365,NA,NA,NA,NA,NA,NA,"2018",2024-06-10
"136",108,"LAE01","Outlet",2018-06-18,7.1,NA,NA,0.30617,0.215358,0.067058,0.036906,NA,NA,NA,NA,NA,NA,NA,3.03321126760563,NA,4.31225352112676,NA,5.19802816901409,NA,8295.94103939739,4.56574905305855,NA,NA,NA,NA,NA,NA,"2018",2024-06-18
"137",108,"LAE01","Outlet",2018-06-24,6.8,2.414697,0.09303898,0.29046,0.205296,0.064398,0.035342,NA,NA,NA,NA,NA,NA,NA,3.01905882352941,NA,4.27147058823529,NA,5.19735294117647,NA,8218.55016694019,4.51038852138265,NA,0.3551025,NA,0.0136822029411765,NA,3.85302917923036,"2018",2024-06-24
"138",108,"LAE01","Outlet",2018-07-01,6.9,NA,NA,0.282868,0.19763,0.062286,0.034812,NA,NA,NA,NA,NA,NA,NA,2.86420289855072,NA,4.09953623188406,NA,5.04521739130435,NA,8125.5888773986,4.54143788331246,NA,NA,NA,NA,NA,NA,"2018",2024-07-01
"139",108,"LAE01","Outlet",2018-07-08,6.9,NA,NA,0.268164,0.18672,0.05956,0.033536,NA,NA,NA,NA,NA,NA,NA,2.70608695652174,NA,3.8864347826087,NA,4.86028985507246,NA,7996.30248091603,4.50241773002015,NA,NA,NA,NA,NA,NA,"2018",2024-07-08
"140",108,"LAE01","Outlet",2018-08-08,7.3,NA,NA,0.267684,0.185204,0.055836,0.03082,NA,NA,NA,NA,NA,NA,NA,2.53704109589041,NA,3.66690410958904,NA,4.22191780821918,NA,8685.39909149903,4.79411132602622,NA,NA,NA,NA,NA,NA,"2018",2024-08-08
"141",108,"LAE01","Outlet",2018-08-12,9.1,NA,NA,0.30948,0.216136,0.066372,0.036612,NA,NA,NA,NA,NA,NA,NA,2.37512087912088,NA,3.40087912087912,NA,4.0232967032967,NA,8452.96624057686,4.66280961851383,NA,NA,NA,NA,NA,NA,"2018",2024-08-12
"142",108,"LAE01","Outlet",2018-08-20,12.1,NA,NA,0.443976,0.314272,0.098624,0.054408,NA,NA,NA,NA,NA,NA,NA,2.59728925619835,NA,3.66922314049587,NA,4.49652892561983,NA,8160.12351124835,4.50170343932511,NA,NA,NA,NA,NA,NA,"2018",2024-08-20
"143",108,"LAE01","Outlet",2018-08-26,12.6,3.141665,0.08112904,0.449684,0.316828,0.099696,0.055508,NA,NA,NA,NA,NA,NA,NA,2.51450793650794,NA,3.56892063492063,NA,4.40539682539683,NA,8101.24666714708,4.51055207831809,NA,0.249338492063492,NA,0.0064388126984127,NA,2.58235808082657,"2018",2024-08-26
"144",108,"LAE01","Outlet",2018-09-03,10.6,NA,NA,0.427452,0.300556,0.094504,0.052852,NA,NA,NA,NA,NA,NA,NA,2.83543396226415,NA,4.03256603773585,NA,4.98603773584906,NA,8087.71664270037,4.52311013290443,NA,NA,NA,NA,NA,NA,"2018",2024-09-03
"145",108,"LAE01","Outlet",2018-09-09,11.3,NA,NA,0.475704,0.336524,0.10666,0.05994,NA,NA,NA,NA,NA,NA,NA,2.97808849557522,NA,4.20976991150442,NA,5.30442477876106,NA,7936.33633633634,4.46000375023439,NA,NA,NA,NA,NA,NA,"2018",2024-09-09
"146",108,"LAE01","Outlet",2018-09-16,14.5,NA,NA,0.554436,0.396956,0.128204,0.072208,NA,NA,NA,NA,NA,NA,NA,2.7376275862069,NA,3.82369655172414,NA,4.97986206896552,NA,7678.3181918901,4.32463885682194,NA,NA,NA,NA,NA,NA,"2018",2024-09-16
"147",NA,"","Outlet",2018-09-20,NA,NA,NA,NA,NA,NA,NA,4.2,NA,16.91,0.544,0.3857,0.115,0.06,NA,2.28089887640449,NA,3.21703134240095,NA,3.54819633353046,NA,NA,4.7304347826087,NA,0.248373743347132,NA,NA,NA,"2018",2024-09-20
"148",108,"LAE01","Outlet",2018-09-23,14.1,NA,NA,0.582948,0.417696,0.135324,0.07636,NA,NA,NA,NA,NA,NA,NA,2.9623829787234,NA,4.1343829787234,NA,5.41560283687943,NA,7634.20639078051,4.30779462623038,NA,NA,NA,NA,NA,NA,"2018",2024-09-23
"149",108,"LAE01","Outlet",2018-09-29,13,3.221472,0.09038518,0.554,0.397584,0.130664,0.07452,NA,NA,NA,NA,NA,NA,NA,3.05833846153846,NA,4.26153846153846,NA,5.73230769230769,NA,7434.24584004294,4.23988244658054,NA,0.247805538461538,NA,0.00695270615384615,NA,2.80571055716145,"2018",2024-09-29
"150",108,"LAE01","Outlet",2018-10-07,13.2,NA,NA,0.537708,0.386124,0.126152,0.071408,NA,NA,NA,NA,NA,NA,NA,2.92518181818182,NA,4.07354545454545,NA,5.40969696969697,NA,7530.08066323101,4.26238188851544,NA,NA,NA,NA,NA,NA,"2018",2024-10-07
"151",108,"LAE01","Outlet",2018-10-14,12.5,NA,NA,0.546444,0.3922716,0.129032,0.073684,NA,NA,NA,NA,NA,NA,NA,3.1381728,NA,4.371552,NA,5.89472,NA,7416.04690299115,4.23494946989894,NA,NA,NA,NA,NA,NA,"2018",2024-10-14
"152",NA,"","Outlet",2018-10-17,NA,NA,NA,NA,NA,NA,NA,3.6,NA,14.87,0.565,0.402,0.126,0.068,NA,2.70342972427707,NA,3.79959650302623,NA,4.57296570275723,NA,NA,4.48412698412698,NA,0.242098184263618,NA,NA,NA,"2018",2024-10-17
"153",108,"LAE01","Outlet",2018-10-21,12.7,NA,NA,0.533752,0.382252,0.123532,0.069416,NA,NA,NA,NA,NA,NA,NA,3.00985826771654,NA,4.20277165354331,NA,5.46582677165354,NA,7689.17828742653,4.32075899362109,NA,NA,NA,NA,NA,NA,"2018",2024-10-21
"154",108,"LAE01","Outlet",2018-11-01,12.7,2.977175,NA,0.569444,0.408584,0.132304,0.074252,NA,NA,NA,NA,NA,NA,NA,3.2171968503937,NA,4.48381102362205,NA,5.84661417322835,NA,7669.0728869256,4.30405732252993,NA,0.234423228346457,NA,NA,NA,NA,"2018",2024-11-01
"155",108,"LAE01","Outlet",2018-11-04,13.9,NA,NA,0.560884,0.403824,0.130044,0.072756,NA,NA,NA,NA,NA,NA,NA,2.90520863309353,NA,4.03513669064748,NA,5.23424460431655,NA,7709.10990158887,4.31303251207284,NA,NA,NA,NA,NA,NA,"2018",2024-11-04
"156",108,"LAE01","Outlet",2018-11-09,13.3,NA,NA,NA,NA,NA,NA,NA,NA,NA,NA,NA,NA,NA,NA,NA,NA,NA,NA,NA,NA,NA,NA,NA,NA,NA,NA,NA,"2018",2024-11-09
"157",108,"LAE01","Outlet",2018-11-11,14.8,NA,NA,0.559376,0.404612,0.127708,0.069696,NA,NA,NA,NA,NA,NA,NA,2.73386486486486,NA,3.77956756756757,NA,4.70918918918919,NA,8025.94123048669,4.38011714223071,NA,NA,NA,NA,NA,NA,"2018",2024-11-11
"158",108,"LAE01","Outlet",2018-11-18,13.4,NA,NA,0.580704,0.41868,0.134388,0.074472,NA,NA,NA,NA,NA,NA,NA,3.1244776119403,NA,4.33361194029851,NA,5.55761194029851,NA,7797.61521108605,4.32110009822305,NA,NA,NA,NA,NA,NA,"2018",2024-11-18
"159",108,"LAE01","Outlet",2018-11-25,15.4,3.531381,NA,0.641556,0.461364,0.147932,0.081872,NA,NA,NA,NA,NA,NA,NA,2.99587012987013,NA,4.16594805194805,NA,5.31636363636364,NA,7836.08559702951,4.33683043560555,NA,0.229310454545455,NA,NA,NA,NA,"2018",2024-11-25
"160",108,"LAE01","Outlet",2018-12-02,12.8,NA,NA,0.576728,0.416108,0.13242,0.072492,NA,NA,NA,NA,NA,NA,NA,3.25084375,NA,4.5056875,NA,5.6634375,NA,7955.74684103073,4.35529376227156,NA,NA,NA,NA,NA,NA,"2018",2024-12-02
"161",108,"LAE01","Outlet",2018-12-09,14.3,NA,NA,0.601804,0.435848,0.1396,0.076516,NA,NA,NA,NA,NA,NA,NA,3.04788811188811,NA,4.20841958041958,NA,5.35076923076923,NA,7865.07397145695,4.31091690544413,NA,NA,NA,NA,NA,NA,"2018",2024-12-09
"162",108,"LAE01","Outlet",2018-12-15,14.6,NA,NA,0.611804,0.443428,0.142108,0.077904,NA,NA,NA,NA,NA,NA,NA,3.03717808219178,NA,4.19043835616438,NA,5.3358904109589,NA,7853.30663380571,4.30520449235792,NA,NA,NA,NA,NA,NA,"2018",2024-12-15
"163",108,"LAE01","Outlet",2018-12-22,13.8,NA,NA,0.583388,0.423224,0.136032,0.074648,NA,NA,NA,NA,NA,NA,NA,3.06684057971014,NA,4.22744927536232,NA,5.40927536231884,NA,7815.18593934198,4.28860856269113,NA,NA,NA,NA,NA,NA,"2018",2024-12-22
"164",108,"LAE01","Outlet",2018-12-29,13.9,3.752755,NA,0.584928,0.423592,0.13538,0.074104,NA,NA,NA,NA,NA,NA,NA,3.04742446043165,NA,4.20811510791367,NA,5.33122302158273,NA,7893.33909100723,4.32063820357512,NA,0.269982374100719,NA,NA,NA,NA,"2018",2024-12-29
"165",108,"LAE01","Outlet",2019-01-07,13.9,NA,NA,0.593968,0.43026,0.13842,0.076228,NA,NA,NA,NA,NA,NA,NA,3.09539568345324,NA,4.27315107913669,NA,5.48402877697842,NA,7791.99244372147,4.29105620575061,NA,NA,NA,NA,NA,NA,"2019",2024-01-07
"166",108,"LAE01","Outlet",2019-01-14,14.5,NA,NA,0.57604,0.417524,0.13388,0.073324,NA,NA,NA,NA,NA,NA,NA,2.87947586206897,NA,3.97268965517241,NA,5.0568275862069,NA,7856.09077518957,4.30265909769943,NA,NA,NA,NA,NA,NA,"2019",2024-01-14
"167",108,"LAE01","Outlet",2019-01-20,13.4,NA,NA,0.55914,0.405608,0.12998,0.071248,NA,NA,NA,NA,NA,NA,NA,3.02692537313433,NA,4.17268656716418,NA,5.31701492537313,NA,7847.79923646979,4.30173872903524,NA,NA,NA,NA,NA,NA,"2019",2024-01-20
"168",108,"LAE01","Outlet",2019-01-29,13.6,2.24,0.044,0.552808,0.39968,0.127228,0.06964,NA,NA,NA,NA,NA,NA,NA,2.93882352941176,NA,4.06476470588235,NA,5.12058823529412,NA,7938.08156232051,4.34501839217782,NA,0.164705882352941,NA,0.00323529411764706,NA,1.96428571428571,"2019",2024-01-29
"169",108,"LAE01","Outlet",2019-02-05,14.1,NA,NA,0.561896,0.407532,0.131624,0.072828,NA,NA,NA,NA,NA,NA,NA,2.89029787234043,NA,3.9850780141844,NA,5.16510638297872,NA,7715.38419289284,4.26894791223485,NA,NA,NA,NA,NA,NA,"2019",2024-02-05
"170",108,"LAE01","Outlet",2019-02-11,13.8,NA,NA,0.574872,0.41734,0.134548,0.074128,NA,NA,NA,NA,NA,NA,NA,3.02420289855072,NA,4.16573913043478,NA,5.37159420289855,NA,7755.12626807684,4.27261646401284,NA,NA,NA,NA,NA,NA,"2019",2024-02-11
"171",108,"LAE01","Outlet",2019-02-19,13.5,NA,NA,0.55314,0.4031836,0.1305276,0.071748,NA,NA,NA,NA,NA,NA,NA,2.98654518518518,NA,4.09733333333333,NA,5.31466666666667,NA,7709.48319116909,4.23772443529185,NA,NA,NA,NA,NA,NA,"2019",2024-02-19
"172",108,"LAE01","Outlet",2019-02-27,12.7,3.46,0.019,0.535476,0.3885756,0.1253516,0.069104,NA,NA,NA,NA,NA,NA,NA,3.05965039370079,NA,4.21634645669291,NA,5.44125984251969,NA,7748.84232461218,4.27179230261121,NA,0.27244094488189,NA,0.00149606299212598,NA,0.549132947976879,"2019",2024-02-27
"173",108,"LAE01","Outlet",2019-03-04,13.8,NA,NA,0.587556,0.4283396,0.1387676,0.076332,NA,NA,NA,NA,NA,NA,NA,3.10391014492754,NA,4.25765217391304,NA,5.53130434782609,NA,7697.37462663103,4.23410075550777,NA,NA,NA,NA,NA,NA,"2019",2024-03-04
"174",108,"LAE01","Outlet",2019-03-11,12.5,NA,NA,0.56658,0.41252,0.132468,0.072792,NA,NA,NA,NA,NA,NA,NA,3.30016,NA,4.53264,NA,5.82336,NA,7783.54764259809,4.27710843373494,NA,NA,NA,NA,NA,NA,"2019",2024-03-11
"175",108,"LAE01","Outlet",2019-03-16,12.3,NA,NA,0.54674,0.398932,0.128324,0.070728,NA,NA,NA,NA,NA,NA,NA,3.24334959349593,NA,4.4450406504065,NA,5.75024390243902,NA,7730.17758172152,4.26062155169727,NA,NA,NA,NA,NA,NA,"2019",2024-03-16
"176",108,"LAE01","Outlet",2019-03-24,11.9,NA,NA,0.539968,0.39494,0.12704,0.069372,NA,NA,NA,NA,NA,NA,NA,3.31882352941177,NA,4.5375462184874,NA,5.82957983193277,NA,7783.65911318688,4.25037783375315,NA,NA,NA,NA,NA,NA,"2019",2024-03-24
"177",108,"LAE01","Outlet",2019-04-01,14.2,3.31,0.023,0.610856,0.446484,0.142928,0.077584,NA,NA,NA,NA,NA,NA,NA,3.14425352112676,NA,4.30180281690141,NA,5.46366197183099,NA,7873.47906784904,4.27387215940893,NA,0.233098591549296,NA,0.00161971830985916,NA,0.694864048338369,"2019",2024-04-01
"178",108,"LAE01","Outlet",2019-04-07,12.8,NA,NA,0.548508,0.4079,0.135304,0.077408,NA,NA,NA,NA,NA,NA,NA,3.18671875,NA,4.28521875,NA,6.0475,NA,7085.93427035965,4.05389345473896,NA,NA,NA,NA,NA,NA,"2019",2024-04-07
"179",108,"LAE01","Outlet",2019-04-14,12.3,NA,NA,0.548992,0.401496,0.13098,0.072576,NA,NA,NA,NA,NA,NA,NA,3.26419512195122,NA,4.46334959349594,NA,5.90048780487805,NA,7564.37389770723,4.19141853718125,NA,NA,NA,NA,NA,NA,"2019",2024-04-14
"180",108,"LAE01","Outlet",2019-04-22,10.8,NA,NA,0.4842,0.3551,0.116836,0.065092,NA,NA,NA,NA,NA,NA,NA,3.28796296296296,NA,4.48333333333333,NA,6.02703703703704,NA,7438.70214465679,4.14427060152693,NA,NA,NA,NA,NA,NA,"2019",2024-04-22
"181",108,"LAE01","Outlet",2019-04-29,8.9,2.88,0.019,0.385816,0.280504,0.090944,0.050596,NA,NA,NA,NA,NA,NA,NA,3.15173033707865,NA,4.33501123595506,NA,5.68494382022472,NA,7625.42493477745,4.24234693877551,NA,0.323595505617978,NA,0.00213483146067416,NA,0.659722222222222,"2019",2024-04-29
"182",108,"LAE01","Outlet",2019-05-05,9.9,NA,NA,0.41682,0.299568,0.098744,0.055008,NA,NA,NA,NA,NA,NA,NA,3.02593939393939,NA,4.21030303030303,NA,5.55636363636364,NA,7577.44328097731,4.22121850441546,NA,NA,NA,NA,NA,NA,"2019",2024-05-05
"183",108,"LAE01","Outlet",2019-05-12,9.4,NA,NA,0.406096,0.2947396,0.098928,0.05688,NA,NA,NA,NA,NA,NA,NA,3.13552765957447,NA,4.32017021276596,NA,6.05106382978723,NA,7139.52180028129,4.10496522723597,NA,NA,NA,NA,NA,NA,"2019",2024-05-12
"184",108,"LAE01","Outlet",2019-05-19,8.5,NA,NA,0.405504,0.292156,0.09596,0.054356,NA,NA,NA,NA,NA,NA,NA,3.43712941176471,NA,4.77063529411765,NA,6.39482352941177,NA,7460.15159320038,4.22576073363902,NA,NA,NA,NA,NA,NA,"2019",2024-05-19
"185",108,"LAE01","Outlet",2019-05-21,NA,NA,NA,NA,NA,NA,NA,3.103,0.064,9.23,0.402,0.289,0.095,0.055,NA,3.13109425785482,NA,4.35536294691224,NA,5.95882990249187,NA,NA,4.23157894736842,NA,0.336186348862405,NA,0.00693391115926327,NA,"2019",2024-05-21
"186",108,"LAE01","Outlet",2019-05-26,10,3.98,0.077,0.467384,0.338864,0.111072,0.062448,NA,NA,NA,NA,NA,NA,NA,3.38864,NA,4.67384,NA,6.2448,NA,7484.37099666923,4.20793719389225,NA,0.398,NA,0.0077,NA,1.93467336683417,"2019",2024-05-26
"187",108,"LAE01","Outlet",2019-06-02,9.2,NA,NA,0.440856,0.318568,0.104236,0.058708,NA,NA,NA,NA,NA,NA,NA,3.46269565217391,NA,4.79191304347826,NA,6.38130434782609,NA,7509.30026572188,4.22940250968955,NA,NA,NA,NA,NA,NA,"2019",2024-06-02
"188",108,"LAE01","Outlet",2019-06-07,NA,NA,NA,NA,NA,NA,NA,3.241,0.08,9.47,0.422,0.303,0.097,0.054,NA,3.19957761351637,NA,4.45617740232312,NA,5.70221752903907,NA,NA,4.35051546391753,NA,0.342238648363252,NA,0.00844772967265047,NA,"2019",2024-06-07
"189",108,"LAE01","Outlet",2019-06-09,10,NA,NA,0.46742,0.337152,0.10928,0.061264,NA,NA,NA,NA,NA,NA,NA,3.37152,NA,4.6742,NA,6.1264,NA,7629.60302951162,4.27726939970717,NA,NA,NA,NA,NA,NA,"2019",2024-06-09
"190",108,"LAE01","Outlet",2019-06-16,10.3,NA,NA,0.500544,0.362448,0.1224964,0.0692,NA,NA,NA,NA,NA,NA,NA,3.51891262135922,NA,4.85965048543689,NA,6.71844660194175,NA,7233.29479768786,4.0861935534432,NA,NA,NA,NA,NA,NA,"2019",2024-06-16
"191",108,"LAE01","Outlet",2019-06-23,10.8,NA,NA,0.485344,0.35206,0.1195004,0.067448,NA,NA,NA,NA,NA,NA,NA,3.25981481481481,NA,4.49392592592593,NA,6.24518518518518,NA,7195.82493179931,4.06144247215909,NA,NA,NA,NA,NA,NA,"2019",2024-06-23
"192",108,"LAE01","Outlet",2019-06-30,10.7,3.76,0.09,0.504156,0.361416,0.11586,0.063028,NA,NA,NA,NA,NA,NA,NA,3.37771962616822,NA,4.71173831775701,NA,5.89046728971963,NA,7998.92111442533,4.3514241325738,NA,0.351401869158878,NA,0.00841121495327103,NA,2.3936170212766,"2019",2024-06-30
"193",108,"LAE01","Outlet",2019-07-07,10.2,NA,NA,0.433816,0.307128,0.086612,0.041988,NA,NA,NA,NA,NA,NA,NA,3.01105882352941,NA,4.25309803921569,NA,4.11647058823529,NA,10331.9043536248,5.00872858264444,NA,NA,NA,NA,NA,NA,"2019",2024-07-07
"194",108,"LAE01","Outlet",2019-07-15,9.9,NA,NA,0.39546,0.2773076,0.077116,0.03728,NA,NA,NA,NA,NA,NA,NA,2.80108686868687,NA,3.99454545454545,NA,3.76565656565657,NA,10607.8326180257,5.12811867835469,NA,NA,NA,NA,NA,NA,"2019",2024-07-15
"195",108,"LAE01","Outlet",2019-07-24,9.8,NA,NA,NA,NA,NA,NA,NA,NA,NA,NA,NA,NA,NA,NA,NA,NA,NA,NA,NA,NA,NA,NA,NA,NA,NA,NA,NA,"2019",2024-07-24
"196",108,"LAE01","Outlet",2019-07-28,9.8,3.2,0.1,0.43982,0.310812,0.099956,0.056232,NA,NA,NA,NA,NA,NA,NA,3.17155102040816,NA,4.48795918367347,NA,5.73795918367347,NA,7821.5251102575,4.40013605986634,NA,0.326530612244898,NA,0.0102040816326531,NA,3.125,"2019",2024-07-28
"197",14970,"LAE03","Inlet",2016-01-31,9.7,1.331508,0.05000418,0.424784,0.314472,0.104184,0.057708,NA,NA,NA,NA,NA,NA,NA,3.2419793814433,NA,4.37921649484536,NA,5.94927835051546,NA,7360.92049629167,4.07724794594179,NA,0.137268865979381,NA,0.00515507010309278,NA,3.75545471750827,"2016",2024-01-31
"198",14970,"LAE03","Inlet",2016-02-28,10.4,2.402644,0.05069936,0.458868,0.335604,0.108232,0.059252,NA,NA,NA,NA,NA,NA,NA,3.22696153846154,NA,4.41219230769231,NA,5.69730769230769,NA,7744.34618240735,4.23967033779289,NA,0.231023461538462,NA,0.00487493846153846,NA,2.11014865290072,"2016",2024-02-28
"199",14970,"LAE03","Inlet",2016-03-28,11.3,4.378204,0.03313728,0.47926,0.351584,0.113296,0.061632,NA,NA,NA,NA,NA,NA,NA,3.11136283185841,NA,4.2412389380531,NA,5.4541592920354,NA,7776.15524402908,4.23015816975004,NA,0.387451681415929,NA,0.00293250265486726,NA,0.756869255064405,"2016",2024-03-28
"200",14970,"LAE03","Inlet",2016-04-24,8.6,3.996099,0.03076,0.393988,0.28794,0.094228,0.052028,NA,NA,NA,NA,NA,NA,NA,3.34813953488372,NA,4.58125581395349,NA,6.04976744186046,NA,7572.61474590605,4.1812200195271,NA,0.464662674418605,NA,0.00357674418604651,NA,0.76975069936956,"2016",2024-04-24
"201",14970,"LAE03","Inlet",2016-05-29,11.6,3.506847,0.05290498,0.572484,0.418392,0.137132,0.076448,NA,NA,NA,NA,NA,NA,NA,3.6068275862069,NA,4.93520689655172,NA,6.59034482758621,NA,7488.54123064044,4.17469299652889,NA,0.302314396551724,NA,0.00456077413793103,NA,1.50861956623714,"2016",2024-05-29
"202",14970,"LAE03","Inlet",2016-06-25,15.1,3.63,0.05800206,0.735604,0.535152,0.169188,0.09152,NA,NA,NA,NA,NA,NA,NA,3.54405298013245,NA,4.87154966887417,NA,6.06092715231788,NA,8037.63111888112,4.34784972929522,NA,0.240397350993377,NA,0.00384119602649007,NA,1.59785289256198,"2016",2024-06-25
"203",14970,"LAE03","Inlet",2016-07-31,17.8,4.01,0.05989495,0.881548,0.637576,0.200788,0.107712,NA,NA,NA,NA,NA,NA,NA,3.58188764044944,NA,4.95251685393258,NA,6.05123595505618,NA,8184.30629827689,4.39044165986015,NA,0.225280898876404,NA,0.00336488483146067,NA,1.49363965087282,"2016",2024-07-31
"204",14970,"LAE03","Inlet",2016-08-28,17.6,2.92886,0.05659,0.8604,0.630084,0.20247,0.11004,NA,NA,NA,NA,NA,NA,NA,3.58002272727273,NA,4.88863636363636,NA,6.25227272727273,NA,7818.97491821156,4.24951844717736,NA,0.1664125,NA,0.00321534090909091,NA,1.93215107584521,"2016",2024-08-28
"205",NA,"","Inlet",2016-09-15,NA,NA,NA,NA,NA,NA,NA,1.84,0.14,15.67,0.675,0.495,0.16,0.088,NA,3.15890236119974,NA,4.30759412890874,NA,5.61582641991066,NA,NA,4.21875,NA,0.117421825143586,NA,0.00893426930440332,NA,"2016",2024-09-15
"206",14970,"LAE03","Inlet",2016-09-24,14.8,3.722347,0.1132,0.734124,0.535986,0.1754946,0.09741,NA,NA,NA,NA,NA,NA,NA,3.62152702702703,NA,4.9602972972973,NA,6.58175675675676,NA,7536.43363104404,4.18317144801037,NA,0.251509932432432,NA,0.00764864864864865,NA,3.04109208518174,"2016",2024-09-24
"207",14970,"LAE03","Inlet",2016-10-20,17.7,NA,NA,0.779832,0.564666,0.176232,0.094344,NA,NA,NA,NA,NA,NA,NA,3.19020338983051,NA,4.40583050847458,NA,5.33016949152542,NA,8265.83566522513,4.42503064142721,NA,NA,NA,NA,NA,NA,"2016",2024-10-20
"208",108,"LAE01","Outlet",2019-08-04,9,NA,NA,0.410784,0.290592,0.092632,0.05188,NA,NA,NA,NA,NA,NA,NA,3.2288,NA,4.56426666666667,NA,5.76444444444444,NA,7917.96453353894,4.4345798428189,NA,NA,NA,NA,NA,NA,"2019",2024-08-04
"209",108,"LAE01","Outlet",2019-08-11,9.4,NA,NA,0.410164,0.290188,0.092708,0.052104,NA,NA,NA,NA,NA,NA,NA,3.08710638297872,NA,4.36344680851064,NA,5.54297872340425,NA,7872.02518040841,4.42425680631661,NA,NA,NA,NA,NA,NA,"2019",2024-08-11
"210",108,"LAE01","Outlet",2019-08-18,11.9,NA,NA,0.497644,0.3545044,0.11196,0.061632,NA,NA,NA,NA,NA,NA,NA,2.97902857142857,NA,4.18188235294118,NA,5.17915966386555,NA,8074.44184839045,4.44483744194355,NA,NA,NA,NA,NA,NA,"2019",2024-08-18
"211",108,"LAE01","Outlet",2019-08-25,13.2,3.4,0.08,0.565168,0.4021724,0.12792,0.071076,NA,NA,NA,NA,NA,NA,NA,3.04676060606061,NA,4.28157575757576,NA,5.38454545454546,NA,7951.60110304463,4.41813633520951,NA,0.257575757575758,NA,0.00606060606060606,NA,2.35294117647059,"2019",2024-08-25
"212",108,"LAE01","Outlet",2019-09-01,14.5,NA,NA,0.565516,0.4052804,0.129016,0.071376,NA,NA,NA,NA,NA,NA,NA,2.79503724137931,NA,3.90011034482759,NA,4.92248275862069,NA,7923.0553687514,4.38330129596329,NA,NA,NA,NA,NA,NA,"2019",2024-09-01
"213",108,"LAE01","Outlet",2019-09-08,14.8,NA,NA,0.580972,0.4153764,0.131884,0.072908,NA,NA,NA,NA,NA,NA,NA,2.8065972972973,NA,3.92548648648649,NA,4.92621621621622,NA,7968.5631206452,4.40517424403263,NA,NA,NA,NA,NA,NA,"2019",2024-09-08
"214",108,"LAE01","Outlet",2019-09-15,15.6,NA,NA,0.605092,0.435764,0.140512,0.07764,NA,NA,NA,NA,NA,NA,NA,2.79335897435897,NA,3.87879487179487,NA,4.97692307692308,NA,7793.56002060793,4.30633682532453,NA,NA,NA,NA,NA,NA,"2019",2024-09-15
"215",108,"LAE01","Outlet",2019-09-22,13.4,NA,NA,0.620572,0.4451444,0.142284,0.078844,NA,NA,NA,NA,NA,NA,NA,3.32197313432836,NA,4.63113432835821,NA,5.88388059701493,NA,7870.88427781442,4.36150234741784,NA,NA,NA,NA,NA,NA,"2019",2024-09-22
"216",108,"LAE01","Outlet",2019-09-29,13.5,4.1,0.12,0.572604,0.4110324,0.134104,0.075708,NA,NA,NA,NA,NA,NA,NA,3.04468444444444,NA,4.24151111111111,NA,5.608,NA,7563.32223807259,4.26985026546561,NA,0.303703703703704,NA,0.00888888888888889,NA,2.92682926829268,"2019",2024-09-29
"217",108,"LAE01","Outlet",2019-10-06,13.9,NA,NA,0.6189,0.4441844,0.144172,0.080824,NA,NA,NA,NA,NA,NA,NA,3.19557122302158,NA,4.45251798561151,NA,5.81467625899281,NA,7657.37899633772,4.29278916849319,NA,NA,NA,NA,NA,NA,"2019",2024-10-06
"218",108,"LAE01","Outlet",2019-10-13,14,NA,NA,0.618204,0.444632,0.144272,0.08036,NA,NA,NA,NA,NA,NA,NA,3.17594285714286,NA,4.41574285714286,NA,5.74,NA,7692.93180686909,4.28498946434513,NA,NA,NA,NA,NA,NA,"2019",2024-10-13
"219",108,"LAE01","Outlet",2019-10-20,14.4,NA,NA,0.608584,0.438372,0.141896,0.079004,NA,NA,NA,NA,NA,NA,NA,3.04425,NA,4.22627777777778,NA,5.48638888888889,NA,7703.20490101767,4.28894401533518,NA,NA,NA,NA,NA,NA,"2019",2024-10-20
"220",108,"LAE01","Outlet",2019-10-27,15,3.9,0.08,0.6655,0.479084,0.1539,0.085496,NA,NA,NA,NA,NA,NA,NA,3.19389333333333,NA,4.43666666666667,NA,5.69973333333333,NA,7783.98989426406,4.32423651721897,NA,0.26,NA,0.00533333333333333,NA,2.05128205128205,"2019",2024-10-27
"221",108,"LAE01","Outlet",2019-11-03,14.3,NA,NA,0.542756,0.393272,0.126876,0.070084,NA,NA,NA,NA,NA,NA,NA,2.75015384615385,NA,3.7954965034965,NA,4.90097902097902,NA,7744.36390616974,4.27784608594218,NA,NA,NA,NA,NA,NA,"2019",2024-11-03
"222",108,"LAE01","Outlet",2019-11-10,14.9,NA,NA,0.598104,0.431972,0.13868,0.076704,NA,NA,NA,NA,NA,NA,NA,2.89914093959732,NA,4.01412080536913,NA,5.14791946308725,NA,7797.55944931164,4.31283530429766,NA,NA,NA,NA,NA,NA,"2019",2024-11-10
"223",108,"LAE01","Outlet",2019-11-17,14.8,NA,NA,0.676548,0.490914,0.158532,0.088128,NA,NA,NA,NA,NA,NA,NA,3.31698648648649,NA,4.57127027027027,NA,5.95459459459459,NA,7676.87908496732,4.26758004693059,NA,NA,NA,NA,NA,NA,"2019",2024-11-17
"224",108,"LAE01","Outlet",2019-11-25,14.4,3.6,0.06,0.621592,0.451612,0.145388,0.07986,NA,NA,NA,NA,NA,NA,NA,3.13619444444444,NA,4.31661111111111,NA,5.54583333333333,NA,7783.52116203356,4.27540099595565,NA,0.25,NA,0.00416666666666667,NA,1.66666666666667,"2019",2024-11-25
"225",108,"LAE01","Outlet",2019-12-02,13.7,NA,NA,0.580192,0.421284,0.135756,0.074708,NA,NA,NA,NA,NA,NA,NA,3.07506569343066,NA,4.23497810218978,NA,5.45313868613139,NA,7766.12946404669,4.27378532072247,NA,NA,NA,NA,NA,NA,"2019",2024-12-02
"226",108,"LAE01","Outlet",2019-12-09,12.9,NA,NA,0.55498,0.403972,0.130508,0.07144,NA,NA,NA,NA,NA,NA,NA,3.13156589147287,NA,4.30217054263566,NA,5.53798449612403,NA,7768.47704367301,4.25245961933368,NA,NA,NA,NA,NA,NA,"2019",2024-12-09
"227",108,"LAE01","Outlet",2019-12-16,12.7,NA,NA,0.572956,0.41804,0.135084,0.0741,NA,NA,NA,NA,NA,NA,NA,3.29165354330709,NA,4.51146456692913,NA,5.83464566929134,NA,7732.19973009447,4.2414793757958,NA,NA,NA,NA,NA,NA,"2019",2024-12-16
"228",108,"LAE01","Outlet",2019-12-22,12.4,NA,NA,0.560348,0.40926,0.131924,0.072116,NA,NA,NA,NA,NA,NA,NA,3.30048387096774,NA,4.51893548387097,NA,5.8158064516129,NA,7770.0926285429,4.24750613989873,NA,NA,NA,NA,NA,NA,"2019",2024-12-22
"229",108,"LAE01","Outlet",2019-12-28,12.6,3.5,0.08,0.542908,0.396912,0.128816,0.070376,NA,NA,NA,NA,NA,NA,NA,3.15009523809524,NA,4.30879365079365,NA,5.58539682539682,NA,7714.39126975105,4.21460067072413,NA,0.277777777777778,NA,0.00634920634920635,NA,2.28571428571429,"2019",2024-12-28
"230",14970,"LAE03","Inlet",2016-10-30,15.5,3,0.06,0.704694,0.508674,0.185352,0.085932,NA,NA,NA,NA,NA,NA,NA,3.28176774193548,NA,4.54641290322581,NA,5.544,NA,8200.60047479402,3.80192282791661,NA,0.193548387096774,NA,0.00387096774193548,NA,2,"2016",2024-10-30
"231",14970,"LAE03","Inlet",2016-11-27,14.5,3.7,0.05,0.601916,0.434832,0.1594,0.07368,NA,NA,NA,NA,NA,NA,NA,2.99884137931035,NA,4.15114482758621,NA,5.08137931034483,NA,8169.32681867535,3.77613550815558,NA,0.255172413793103,NA,0.00344827586206897,NA,1.35135135135135,"2016",2024-11-27
"232",14970,"LAE03","Inlet",2016-12-27,11.8,2.6,0.06,0.5438,0.394256,0.146108,0.068532,NA,NA,NA,NA,NA,NA,NA,3.34115254237288,NA,4.60847457627119,NA,5.80779661016949,NA,7934.97927975252,3.72190434473129,NA,0.220338983050847,NA,0.00508474576271186,NA,2.30769230769231,"2016",2024-12-27
"233",14970,"LAE03","Inlet",2017-01-25,10.6,NA,NA,0.486536,0.351824,0.12966,0.061052,NA,NA,NA,NA,NA,NA,NA,3.31909433962264,NA,4.58996226415094,NA,5.75962264150943,NA,7969.20657799908,3.7523985809039,NA,NA,NA,NA,NA,NA,"2017",2024-01-25
"234",14970,"LAE03","Inlet",2017-01-29,10.1,2.5,0.07,0.4832,0.350936,0.12996,0.061164,NA,NA,NA,NA,NA,NA,NA,3.47461386138614,NA,4.78415841584158,NA,6.05584158415842,NA,7900.07193774115,3.71806709756848,NA,0.247524752475248,NA,0.00693069306930693,NA,2.8,"2017",2024-01-29
"235",14970,"LAE03","Inlet",2017-02-25,9.6,2,0.02,0.457688,0.333484,0.123688,0.059212,NA,NA,NA,NA,NA,NA,NA,3.47379166666667,NA,4.76758333333333,NA,6.16791666666667,NA,7729.64939539283,3.70034279800789,NA,0.208333333333333,NA,0.00208333333333333,NA,1,"2017",2024-02-25
"236",14970,"LAE03","Inlet",2017-03-25,11.6,2.5,0.08,0.547504,0.399048,0.149284,0.072084,NA,NA,NA,NA,NA,NA,NA,3.44006896551724,NA,4.71986206896552,NA,6.21413793103448,NA,7595.36096775984,3.66753302430267,NA,0.21551724137931,NA,0.00689655172413793,NA,3.2,"2017",2024-03-25
"237",14970,"LAE03","Inlet",2017-04-01,13.2,NA,NA,NA,NA,NA,NA,NA,NA,NA,NA,NA,NA,NA,NA,NA,NA,NA,NA,NA,NA,NA,NA,NA,NA,NA,NA,NA,"2017",2024-04-01
"238",14970,"LAE03","Inlet",2017-04-30,11.7,2.4,0.04,0.541364,0.395056,0.147436,0.069196,NA,NA,NA,NA,NA,NA,NA,3.37654700854701,NA,4.62704273504273,NA,5.91418803418803,NA,7823.63142378172,3.67185761957731,NA,0.205128205128205,NA,0.00341880341880342,NA,1.66666666666667,"2017",2024-04-30
"239",14970,"LAE03","Inlet",2017-05-28,12.8,3.2,0.08,0.585876,0.423844,0.158864,0.0755,NA,NA,NA,NA,NA,NA,NA,3.31128125,NA,4.57715625,NA,5.8984375,NA,7759.94701986755,3.6879091550005,NA,0.25,NA,0.00625,NA,2.5,"2017",2024-05-28
"240",14970,"LAE03","Inlet",2017-06-25,14.7,3.5,0.06,0.689168,0.50348,0.187188,0.087676,NA,NA,NA,NA,NA,NA,NA,3.42503401360544,NA,4.68821768707483,NA,5.9643537414966,NA,7860.39509101693,3.68168899715794,NA,0.238095238095238,NA,0.00408163265306122,NA,1.71428571428571,"2017",2024-06-25
"241",14970,"LAE03","Inlet",2017-07-30,20.8,4.5,0.05,0.827552,0.59866,0.21864,0.100756,NA,NA,NA,NA,NA,NA,NA,2.87817307692308,NA,3.97861538461538,NA,4.84403846153846,NA,8213.42649569256,3.7849981705086,NA,0.216346153846154,NA,0.00240384615384615,NA,1.11111111111111,"2017",2024-07-30
"242",14970,"LAE03","Inlet",2017-08-26,16.1,3.3,0.06,0.705896,0.511192,0.19228,0.092028,NA,NA,NA,NA,NA,NA,NA,3.17510559006211,NA,4.38444720496894,NA,5.7160248447205,NA,7670.44812448385,3.67118785105055,NA,0.204968944099379,NA,0.00372670807453416,NA,1.81818181818182,"2017",2024-08-26
"243",14970,"LAE03","Inlet",2017-09-24,15.5,3.6,0.04,0.705144,0.514688,0.193608,0.091216,NA,NA,NA,NA,NA,NA,NA,3.32056774193548,NA,4.54931612903226,NA,5.88490322580645,NA,7730.48587967023,3.64212222635428,NA,0.232258064516129,NA,0.00258064516129032,NA,1.11111111111111,"2017",2024-09-24
"244",14970,"LAE03","Inlet",2017-10-28,13.1,3.7,0.03,0.591108,0.4318,0.159504,0.074636,NA,NA,NA,NA,NA,NA,NA,3.29618320610687,NA,4.5122748091603,NA,5.69740458015267,NA,7919.87780695643,3.70591333132711,NA,0.282442748091603,NA,0.00229007633587786,NA,0.810810810810811,"2017",2024-10-28
"245",14970,"LAE03","Inlet",2017-11-26,10.8,2.2,0.03,0.488324,0.35768,0.134556,0.063836,NA,NA,NA,NA,NA,NA,NA,3.31185185185185,NA,4.52151851851852,NA,5.91074074074074,NA,7649.66476596278,3.6291506881893,NA,0.203703703703704,NA,0.00277777777777778,NA,1.36363636363636,"2017",2024-11-26
"246",14970,"LAE03","Inlet",2017-12-29,10.2,3.1,0.03,0.499092,0.363472,0.13574,0.063908,NA,NA,NA,NA,NA,NA,NA,3.56345098039216,NA,4.89305882352941,NA,6.26549019607843,NA,7809.53871189835,3.67682333873582,NA,0.303921568627451,NA,0.00294117647058824,NA,0.967741935483871,"2017",2024-12-29
"247",14970,"LAE03","Inlet",2018-01-25,10.1,2.2,0.05,0.477492,0.349916,0.13242,0.063592,NA,NA,NA,NA,NA,NA,NA,3.46451485148515,NA,4.72764356435644,NA,6.29623762376238,NA,7508.68033714933,3.6058903488899,NA,0.217821782178218,NA,0.00495049504950495,NA,2.27272727272727,"2018",2024-01-25
"248",14970,"LAE03","Inlet",2018-02-24,11.5,2.3,0.02,0.522728,0.382532,0.14406,0.069516,NA,NA,NA,NA,NA,NA,NA,3.3263652173913,NA,4.54546086956522,NA,6.04486956521739,NA,7519.53507106278,3.6285436623629,NA,0.2,NA,0.00173913043478261,NA,0.869565217391304,"2018",2024-02-24
"249",14970,"LAE03","Inlet",2018-03-24,11.3,2.7,0.02,0.517676,0.380472,0.144104,0.070344,NA,NA,NA,NA,NA,NA,NA,3.36700884955752,NA,4.58120353982301,NA,6.22513274336283,NA,7359.20618673945,3.59237772719702,NA,0.238938053097345,NA,0.00176991150442478,NA,0.740740740740741,"2018",2024-03-24
"250",14970,"LAE03","Inlet",2018-04-30,7.3,2.9,0.01,0.36382,0.265804,0.10032,0.048496,NA,NA,NA,NA,NA,NA,NA,3.64115068493151,NA,4.98383561643836,NA,6.64328767123288,NA,7502.06202573408,3.62659489633174,NA,0.397260273972603,NA,0.00136986301369863,NA,0.344827586206897,"2018",2024-04-30
"251",14970,"LAE03","Inlet",2018-05-27,11.1,3,0.08,0.552654,0.401074,0.15044,0.071398,NA,NA,NA,NA,NA,NA,NA,3.61327927927928,NA,4.97886486486486,NA,6.43225225225225,NA,7740.46892069806,3.67358415315076,NA,0.27027027027027,NA,0.00720720720720721,NA,2.66666666666667,"2018",2024-05-27
"252",14970,"LAE03","Inlet",2018-06-24,12.8,2.2,0.07,0.524246,0.37663,0.135248,0.061146,NA,NA,NA,NA,NA,NA,NA,2.942421875,NA,4.095671875,NA,4.77703125,NA,8573.6761194518,3.87618301194842,NA,0.171875,NA,0.00546875,NA,3.18181818181818,"2018",2024-06-24
"253",14970,"LAE03","Inlet",2018-08-26,20.2,3.1,0.09,0.755712,0.54238,0.196432,0.090204,NA,NA,NA,NA,NA,NA,NA,2.68504950495049,NA,3.74114851485149,NA,4.46554455445545,NA,8377.8102966609,3.8471939398876,NA,0.153465346534653,NA,0.00445544554455446,NA,2.90322580645161,"2018",2024-08-26
"254",14970,"LAE03","Inlet",2018-09-29,17.5,2.7,0.07,0.759372,0.551284,0.20278,0.093812,NA,NA,NA,NA,NA,NA,NA,3.15019428571429,NA,4.33926857142857,NA,5.36068571428571,NA,8094.61476143777,3.74480718019529,NA,0.154285714285714,NA,0.004,NA,2.59259259259259,"2018",2024-09-29
"255",14970,"LAE03","Inlet",2018-11-01,16.9,2.9,0.02,0.67274,0.490304,0.1797244,0.082592,NA,NA,NA,NA,NA,NA,NA,2.90120710059172,NA,3.9807100591716,NA,4.88710059171598,NA,8145.34095311895,3.74317566229182,NA,0.171597633136095,NA,0.00118343195266272,NA,0.689655172413793,"2018",2024-11-01
"256",14970,"LAE03","Inlet",2018-11-25,11.7,2,0.03,0.493016,0.356424,0.13206,0.061596,NA,NA,NA,NA,NA,NA,NA,3.04635897435897,NA,4.21381196581197,NA,5.26461538461538,NA,8004.02623546984,3.73327275480842,NA,0.170940170940171,NA,0.00256410256410256,NA,1.5,"2018",2024-11-25
"257",14970,"LAE03","Inlet",2018-12-29,10.9,2.3,0.02,0.470112,0.341776,0.127952,0.060632,NA,NA,NA,NA,NA,NA,NA,3.13555963302752,NA,4.31295412844037,NA,5.56256880733945,NA,7753.52948937855,3.67412779792422,NA,0.211009174311927,NA,0.0018348623853211,NA,0.869565217391304,"2018",2024-12-29
"258",14970,"LAE03","Inlet",2019-01-29,11.6,2.2,0.04,0.482104,0.3492,0.129004,0.060032,NA,NA,NA,NA,NA,NA,NA,3.01034482758621,NA,4.15606896551724,NA,5.1751724137931,NA,8030.78358208955,3.73712443025022,NA,0.189655172413793,NA,0.00344827586206897,NA,1.81818181818182,"2019",2024-01-29
"259",14970,"LAE03","Inlet",2019-02-27,13.1,3.5,0.02,0.562328,0.4081556,0.150856,0.06982,NA,NA,NA,NA,NA,NA,NA,3.11569160305344,NA,4.29258015267176,NA,5.32977099236641,NA,8053.9673446004,3.72758126955507,NA,0.267175572519084,NA,0.00152671755725191,NA,0.571428571428571,"2019",2024-02-27
"260",14970,"LAE03","Inlet",2019-04-01,13.6,3.3,0.02,0.543412,0.396344,0.14652,0.06792,NA,NA,NA,NA,NA,NA,NA,2.91429411764706,NA,3.99567647058824,NA,4.99411764705882,NA,8000.765606596,3.70879060879061,NA,0.242647058823529,NA,0.00147058823529412,NA,0.606060606060606,"2019",2024-04-01
"261",14970,"LAE03","Inlet",2019-04-29,7.5,2.9,0.02,0.3508716,0.2567196,0.097684,0.047368,NA,NA,NA,NA,NA,NA,NA,3.422928,NA,4.678288,NA,6.31573333333333,NA,7407.35517649046,3.59190450841489,NA,0.386666666666667,NA,0.00266666666666667,NA,0.689655172413793,"2019",2024-04-29
"262",14970,"LAE03","Inlet",2019-05-21,11.7,NA,NA,NA,NA,NA,NA,NA,NA,NA,NA,NA,NA,NA,NA,NA,NA,NA,NA,NA,NA,NA,NA,NA,NA,NA,NA,NA,"2019",2024-05-21
"263",14970,"LAE03","Inlet",2019-05-26,12.8,4,0.08,0.59448,0.436352,0.165464,0.078724,NA,NA,NA,NA,NA,NA,NA,3.409,NA,4.644375,NA,6.1503125,NA,7551.44555662822,3.59280568582894,NA,0.3125,NA,0.00625,NA,2,"2019",2024-05-26
"264",14970,"LAE03","Inlet",2019-06-07,18,NA,NA,NA,NA,NA,NA,NA,NA,NA,NA,NA,NA,NA,NA,NA,NA,NA,NA,NA,NA,NA,NA,NA,NA,NA,NA,NA,"2019",2024-06-07
"265",14970,"LAE03","Inlet",2019-06-30,15.3,3.8,0.09,0.718364,0.511692,0.183856,0.079064,NA,NA,NA,NA,NA,NA,NA,3.34439215686275,NA,4.69518954248366,NA,5.1675816993464,NA,9085.85449762218,3.90720999042729,NA,0.248366013071895,NA,0.00588235294117647,NA,2.36842105263158,"2019",2024-06-30
"266",14970,"LAE03","Inlet",2019-07-24,21,NA,NA,NA,NA,NA,NA,NA,NA,NA,NA,NA,NA,NA,NA,NA,NA,NA,NA,NA,NA,NA,NA,NA,NA,NA,NA,NA,"2019",2024-07-24
"267",14970,"LAE03","Inlet",2019-07-28,19.4,3.5,0.1,0.757596,0.550296,0.2025844,0.094032,NA,NA,NA,NA,NA,NA,NA,2.83657731958763,NA,3.90513402061856,NA,4.84701030927835,NA,8056.78917815212,3.73965616306093,NA,0.180412371134021,NA,0.00515463917525773,NA,2.85714285714286,"2019",2024-07-28
"268",14970,"LAE03","Inlet",2019-08-25,19.3,3.4,0.04,0.82802,0.6025724,0.223356,0.10358,NA,NA,NA,NA,NA,NA,NA,3.12213678756477,NA,4.29025906735751,NA,5.36683937823834,NA,7994.01428847268,3.70717598810867,NA,0.176165803108808,NA,0.00207253886010363,NA,1.17647058823529,"2019",2024-08-25
"269",14970,"LAE03","Inlet",2019-09-29,19.8,4.4,0.07,0.81262,0.5935564,0.22038,0.103232,NA,NA,NA,NA,NA,NA,NA,2.9977595959596,NA,4.10414141414141,NA,5.21373737373737,NA,7871.78394296342,3.68735819947364,NA,0.222222222222222,NA,0.00353535353535354,NA,1.59090909090909,"2019",2024-09-29
"270",14970,"LAE03","Inlet",2019-10-27,15.3,3.2,0.06,0.651668,0.473952,0.175864,0.08258,NA,NA,NA,NA,NA,NA,NA,3.09772549019608,NA,4.25926797385621,NA,5.39738562091503,NA,7891.35383870187,3.70552244916526,NA,0.209150326797386,NA,0.00392156862745098,NA,1.875,"2019",2024-10-27
"271",14970,"LAE03","Inlet",2019-11-25,12.8,2.6,0.05,0.529424,0.386648,0.144396,0.067432,NA,NA,NA,NA,NA,NA,NA,3.0206875,NA,4.136125,NA,5.268125,NA,7851.22790366591,3.66647275547799,NA,0.203125,NA,0.00390625,NA,1.92307692307692,"2019",2024-11-25
"272",14970,"LAE03","Inlet",2019-12-28,11.8,2.3,0.08,0.526112,0.385296,0.144208,0.067832,NA,NA,NA,NA,NA,NA,NA,3.26522033898305,NA,4.45857627118644,NA,5.74847457627119,NA,7756.10331407006,3.64828580938644,NA,0.194915254237288,NA,0.00677966101694915,NA,3.47826086956522,"2019",2024-12-28
"273",NA,"","Inlet",2016-09-15,NA,NA,NA,NA,NA,NA,NA,2.85,0.13,15.47,0.675,1.175,0.16,0.088,NA,7.59534583063995,NA,4.36328377504848,NA,5.68842921784098,NA,NA,4.21875,NA,0.184227537168714,NA,0.00840336134453781,NA,"2016",2024-09-15
"274",NA,"","Inlet",2017-01-25,NA,NA,NA,NA,NA,NA,NA,1.53,0.13,10.22,0.749,1.289,0.177,0.097,NA,12.6125244618395,NA,7.32876712328767,NA,9.49119373776908,NA,NA,4.2316384180791,NA,0.149706457925636,NA,0.012720156555773,NA,"2017",2024-01-25
"275",NA,"","Inlet",2017-09-22,NA,NA,NA,NA,NA,NA,NA,NA,NA,18,0.723,NA,0.169,0.091,NA,NA,NA,4.01666666666667,NA,5.05555555555556,NA,NA,4.27810650887574,NA,NA,NA,NA,NA,"2017",2024-09-22
"276",NA,"","Inlet",2017-04-01,NA,NA,NA,NA,NA,NA,NA,NA,NA,16,0.615,NA,0.143,0.077,NA,NA,NA,3.84375,NA,4.8125,NA,NA,4.3006993006993,NA,NA,NA,NA,NA,"2017",2024-04-01
"277",NA,"","Inlet",2017-06-06,NA,NA,NA,NA,NA,NA,NA,NA,NA,11.22,0.743,NA,0.176,0.095,NA,NA,NA,6.62210338680927,NA,8.46702317290553,NA,NA,4.22159090909091,NA,NA,NA,NA,NA,"2017",2024-06-06
"278",NA,"","Inlet",2018-05-29,NA,NA,NA,NA,NA,NA,NA,3,NA,11.41,0.561,0.410666667,0.128,0.079,NA,3.59918200701139,NA,4.91673970201578,NA,6.92375109553024,NA,NA,4.3828125,NA,0.262927256792287,NA,NA,NA,"2018",2024-05-29
"279",NA,"","Inlet",2018-09-20,NA,NA,NA,NA,NA,NA,NA,4.5,NA,18,0.731,0.529,0.159,0.082,NA,2.93888888888889,NA,4.06111111111111,NA,4.55555555555556,NA,NA,4.59748427672956,NA,0.25,NA,NA,NA,"2018",2024-09-20
"280",NA,"","Inlet",2018-10-17,NA,NA,NA,NA,NA,NA,NA,3.4,NA,15.4,0.707,0.515,0.162,0.087,NA,3.34415584415584,NA,4.59090909090909,NA,5.64935064935065,NA,NA,4.3641975308642,NA,0.220779220779221,NA,NA,NA,"2018",2024-10-17
"281",NA,"","Inlet",2019-05-21,NA,NA,NA,NA,NA,NA,NA,3.817,0.052,12.57,0.601,0.443,0.142,0.077,NA,3.52426412092283,NA,4.78122513922037,NA,6.12569610182975,NA,NA,4.23239436619718,NA,0.303659506762132,NA,0.00413683373110581,NA,"2019",2024-05-21
"282",NA,"","Inlet",2019-06-07,NA,NA,NA,NA,NA,NA,NA,5.693,0.069,16.2,0.734,0.54,0.17,0.091,NA,3.33333333333333,NA,4.53086419753086,NA,5.61728395061728,NA,NA,4.31764705882353,NA,0.35141975308642,NA,0.00425925925925926,NA,"2019",2024-06-07
