"","Station.ID","Station.Code","Station","Date","TOC_m","THg_m","MeHg_m","X254nm","X365nm","THg_s","MeHg_s","DOC_s","X254nm_s","X285nm_s","X365nm_s","X400nm_s","labile_m","labile_s","sUVa_m","sUVa_s","sVISa_m","sVISa_s","SAR_m","E2_E3_m","E2_E3_s","THGTOC_m","THGDOC_s","MeHGTOC_m","MeHGDOC_s","MeHg_rel_m","water_sample_id","sample_date","254","360","365","410","Year","month_day","month","THGTOC_m2","THGDOC_s2"
"1",108,"LAE01","Outlet",2016-01-02,12.4,NA,NA,0.614676,0.143612,NA,NA,NA,NA,NA,NA,NA,3.5909,NA,4.95706451612903,NA,6.434194,NA,7704.251,4.280116,NA,NA,NA,NA,NA,NA,643960,"02.01.2016 14:11",0.614676,0.1559,0.143612,0.06746,"2016","02.01","01",NA,NA
"2",108,"LAE01","Outlet",2016-01-11,12.1,NA,NA,0.590008,0.139072,NA,NA,NA,NA,NA,NA,NA,3.546112,NA,4.87609917355372,NA,6.390744,NA,7629.94,4.242464,NA,NA,NA,NA,NA,NA,643979,"11.01.2016 00:00",0.590008,0.150824,0.139072,0.06538,"2016","11.01","01",NA,NA
"3",108,"LAE01","Outlet",2016-01-17,11.8,NA,NA,0.561216,0.131876,NA,NA,NA,NA,NA,NA,NA,3.456369,NA,4.75606779661017,NA,6.201017,NA,7669.819,4.255634,NA,NA,NA,NA,NA,NA,643981,"17.01.2016 10:45",0.561216,0.143024,0.131876,0.061912,"2016","17.01","01",NA,NA
"4",108,"LAE01","Outlet",2016-01-24,12.2,NA,NA,0.538548,0.130884,NA,NA,NA,NA,NA,NA,NA,3.250689,NA,4.41432786885246,NA,5.968197,NA,7396.418,4.114697,NA,NA,NA,NA,NA,NA,644220,"24.01.2016 13:27",0.538548,0.141964,0.130884,0.06156,"2016","24.01","01",NA,NA
"5",108,"LAE01","Outlet",2016-01-31,11.9,2.858146,0.06847371,0.54736,0.132032,NA,NA,NA,NA,NA,NA,NA,3.373748,NA,4.59966386554622,NA,6.175798,NA,7447.885,4.145662,NA,0.2401803,NA,0.005754094,NA,2.3957389,644519,"31.01.2016 09:43",0.54736,0.14296,0.132032,0.062432,"2016","31.01","01",0.240180336134454,NA
"6",108,"LAE01","Outlet",2016-02-06,12.3,NA,NA,0.528416,0.130308,NA,NA,NA,NA,NA,NA,NA,3.186602,NA,4.29606504065041,NA,5.914472,NA,7263.65,4.055131,NA,NA,NA,NA,NA,NA,644261,"06.02.2016 14:18",0.528416,0.14122,0.130308,0.061576,"2016","06.02","02",NA,NA
"7",108,"LAE01","Outlet",2016-02-14,11.4,NA,NA,0.51616,0.125892,NA,NA,NA,NA,NA,NA,NA,3.340105,NA,4.52771929824561,NA,6.100351,NA,7422.064,4.100022,NA,NA,NA,NA,NA,NA,644562,"14.02.2016 11:21",0.51616,0.13646,0.125892,0.058924,"2016","14.02","02",NA,NA
"8",108,"LAE01","Outlet",2016-02-21,NA,NA,NA,0.505896,0.124288,NA,NA,NA,NA,NA,NA,NA,NA,NA,NA,NA,NA,NA,7370.709,4.070353,NA,NA,NA,NA,NA,NA,644603,"21.02.2016 16:54",0.505896,0.134876,0.124288,0.058096,"2016","21.02","02",NA,NA
"9",108,"LAE01","Outlet",2016-02-28,11.2,3.558331,0.0789314,0.520652,0.123844,NA,NA,NA,NA,NA,NA,NA,3.397929,NA,4.64867857142857,NA,6.105714,NA,7613.652,4.204095,NA,0.3177081,NA,0.007047446,NA,2.2182142,644700,"28.02.2016 11:04",0.520652,0.134396,0.123844,0.057876,"2016","28.02","02",0.317708125,NA
"10",108,"LAE01","Outlet",2016-03-06,11.7,NA,NA,0.52046,0.124084,NA,NA,NA,NA,NA,NA,NA,3.251043,NA,4.44837606837607,NA,5.883077,NA,7561.309,4.194417,NA,NA,NA,NA,NA,NA,644699,"06.03.2016 12:22",0.52046,0.134568,0.124084,0.05836,"2016","06.03","03",NA,NA
"11",108,"LAE01","Outlet",2016-03-14,11.8,NA,NA,0.52682,0.125256,NA,NA,NA,NA,NA,NA,NA,3.258573,NA,4.46457627118644,NA,5.873898,NA,7600.704,4.205946,NA,NA,NA,NA,NA,NA,644679,"14.03.2016 11:29",0.52682,0.135868,0.125256,0.058676,"2016","14.03","03",NA,NA
"12",108,"LAE01","Outlet",2016-03-21,10.8,NA,NA,0.535544,0.12666,NA,NA,NA,NA,NA,NA,NA,3.622926,NA,4.95874074074074,NA,6.40963,NA,7736.392,4.228201,NA,NA,NA,NA,NA,NA,645800,"21.03.2016 11:55",0.535544,0.13748,0.12666,0.058304,"2016","21.03","03",NA,NA
"13",108,"LAE01","Outlet",2016-03-28,10.9,3.818483,0.06571142,0.45834,0.108712,NA,NA,NA,NA,NA,NA,NA,3.077358,NA,4.20495412844037,NA,5.457248,NA,7705.265,4.216094,NA,0.3503195,NA,0.006028571,NA,1.7208778,644760,"28.03.2016 12:10",0.45834,0.118128,0.108712,0.050128,"2016","28.03","03",0.350319541284404,NA
"14",108,"LAE01","Outlet",2016-04-03,10.3,NA,NA,0.455356,0.10532,NA,NA,NA,NA,NA,NA,NA,3.214447,NA,4.42093203883495,NA,5.526214,NA,7999.93,4.323547,NA,NA,NA,NA,NA,NA,645801,"03.04.2016 12:33",0.455356,0.114576,0.10532,0.047808,"2016","03.04","04",NA,NA
"15",108,"LAE01","Outlet",2016-04-09,9.8,NA,NA,0.402472,0.093912,NA,NA,NA,NA,NA,NA,NA,2.980204,NA,4.10685714285714,NA,5.267347,NA,7796.823,4.285629,NA,NA,NA,NA,NA,NA,646230,"09.04.2016 12:53",0.402472,0.101856,0.093912,0.043624,"2016","09.04","04",NA,NA
"16",108,"LAE01","Outlet",2016-04-18,8.7,NA,NA,0.376672,0.088056,NA,NA,NA,NA,NA,NA,NA,3.130207,NA,4.32956321839081,NA,5.623448,NA,7699.125,4.277642,NA,NA,NA,NA,NA,NA,646041,"18.04.2016 10:51",0.376672,0.095396,0.088056,0.041452,"2016","18.04","04",NA,NA
"17",108,"LAE01","Outlet",2016-04-24,8.2,3.565393,0.02447099,0.367656,0.086616,NA,NA,NA,NA,NA,NA,NA,3.24639,NA,4.48360975609756,NA,5.89122,NA,7610.665,4.244666,NA,0.434804,NA,0.002984267,NA,0.6863476,646040,"24.04.2016 13:07",0.367656,0.093788,0.086616,0.04104,"2016","24.04","04",0.434804024390244,NA
"18",108,"LAE01","Outlet",2016-05-01,7.7,NA,NA,0.374496,0.088898,NA,NA,NA,NA,NA,NA,NA,3.530961,NA,4.86358441558442,NA,6.446494,NA,7544.542,4.212648,NA,NA,NA,NA,NA,NA,646222,"01.05.2016 12:36",0.374496,0.096388,0.088898,0.042138,"2016","01.05","05",NA,NA
"19",108,"LAE01","Outlet",2016-05-08,6.5,NA,NA,0.297112,0.070436,NA,NA,NA,NA,NA,NA,NA,3.322462,NA,4.57095384615385,NA,6.132308,NA,7453.889,4.218184,NA,NA,NA,NA,NA,NA,646227,"08.05.2016 12:26",0.297112,0.076236,0.070436,0.034056,"2016","08.05","05",NA,NA
"20",108,"LAE01","Outlet",2016-05-15,8.8,NA,NA,0.400868,0.09582,NA,NA,NA,NA,NA,NA,NA,3.309409,NA,4.55531818181818,NA,6.144091,NA,7414.145,4.183552,NA,NA,NA,NA,NA,NA,646225,"15.05.2016 13:48",0.400868,0.103568,0.09582,0.04618,"2016","15.05","05",NA,NA
"21",108,"LAE01","Outlet",2016-05-22,8.4,NA,NA,0.396816,0.093384,NA,NA,NA,NA,NA,NA,NA,3.402286,NA,4.724,NA,6.320476,NA,7474.12,4.249293,NA,NA,NA,NA,NA,NA,646309,"22.05.2016 12:26",0.396816,0.101132,0.093384,0.04538,"2016","22.05","05",NA,NA
"22",108,"LAE01","Outlet",2016-05-29,10.3,4.020845,0.05667013,0.43696,0.101184,NA,NA,NA,NA,NA,NA,NA,3.033437,NA,4.24233009708738,NA,5.559612,NA,7630.623,4.318469,NA,0.3903733,NA,0.005501955,NA,1.4094084,646313,"29.05.2016 12:54",0.43696,0.109468,0.101184,0.048956,"2016","29.05","05",0.390373300970874,NA
"23",108,"LAE01","Outlet",2016-06-06,9.3,NA,NA,0.42478,0.095776,NA,NA,NA,NA,NA,NA,NA,3.234796,NA,4.56752688172043,NA,5.825806,NA,7840.162,4.43514,NA,NA,NA,NA,NA,NA,646311,"06.06.2016 11:39",0.42478,0.103728,0.095776,0.046376,"2016","06.06","06",NA,NA
"24",108,"LAE01","Outlet",2016-06-12,8.8,NA,NA,0.3831876,0.083732,NA,NA,NA,NA,NA,NA,NA,3.076182,NA,4.35440454545455,NA,5.176818,NA,8411.353,4.576358,NA,NA,NA,NA,NA,NA,652628,"12.06.2016 12:01",0.3831876,0.090796,0.083732,0.03848,"2016","12.06","06",NA,NA
"25",108,"LAE01","Outlet",2016-06-19,9.2,NA,NA,0.383968,0.083284,NA,NA,NA,NA,NA,NA,NA,2.938435,NA,4.1735652173913,NA,4.943478,NA,8442.568,4.610345,NA,NA,NA,NA,NA,NA,652627,"19.06.2016 19:11",0.383968,0.090388,0.083284,0.0384164,"2016","19.06","06",NA,NA
"26",108,"LAE01","Outlet",2016-06-25,8.7,3.12,0.06365176,0.362904,0.078688,NA,NA,NA,NA,NA,NA,NA,2.936966,NA,4.17131034482759,NA,4.951264,NA,8424.738,4.611936,NA,0.3586207,NA,0.007316295,NA,2.0401206,652659,"25.06.2016 14:37",0.362904,0.085348,0.078688,0.0365804,"2016","25.06","06",0.358620689655172,NA
"27",108,"LAE01","Outlet",2016-07-03,11.4,NA,NA,0.51192,0.114512,NA,NA,NA,NA,NA,NA,NA,3.198281,NA,4.49052631578947,NA,5.530175,NA,8120.043,4.470449,NA,NA,NA,NA,NA,NA,652823,"03.07.2016 10:27",0.51192,0.124336,0.114512,0.0534044,"2016","03.07","07",NA,NA
"28",108,"LAE01","Outlet",2016-07-10,11.7,NA,NA,0.478152,0.107224,NA,NA,NA,NA,NA,NA,NA,2.909265,NA,4.08676923076923,NA,5.056752,NA,8081.807,4.459375,NA,NA,NA,NA,NA,NA,652770,"10.07.2016 10:21",0.478152,0.116448,0.107224,0.049988,"2016","10.07","07",NA,NA
"29",108,"LAE01","Outlet",2016-07-17,11.5,NA,NA,0.487496,0.108768,NA,NA,NA,NA,NA,NA,NA,3.010365,NA,4.23909565217391,NA,5.230957,NA,8103.863,4.48198,NA,NA,NA,NA,NA,NA,652786,"17.07.2016 11:31",0.487496,0.118216,0.108768,0.05098,"2016","17.07","07",NA,NA
"30",108,"LAE01","Outlet",2016-07-23,11.3,NA,NA,0.47528,0.106464,NA,NA,NA,NA,NA,NA,NA,2.974265,NA,4.20601769911504,NA,5.289558,NA,7951.549,4.464232,NA,NA,NA,NA,NA,NA,652881,"23.07.2016 14:33",0.47528,0.115556,0.106464,0.050776,"2016","23.07","07",NA,NA
"31",108,"LAE01","Outlet",2016-07-31,11.8,3.23,0.07042039,0.51824,0.115956,NA,NA,NA,NA,NA,NA,NA,3.111831,NA,4.39186440677966,NA,5.478305,NA,8016.831,4.469281,NA,0.2737288,NA,0.00596783,NA,2.1801979,652861,"31.07.2016 11:19",0.51824,0.12596,0.115956,0.055136,"2016","31.07","07",0.273728813559322,NA
"32",108,"LAE01","Outlet",2016-08-07,12.3,NA,NA,0.531984,0.120876,NA,NA,NA,NA,NA,NA,NA,3.096293,NA,4.32507317073171,NA,5.433659,NA,7959.781,4.401072,NA,NA,NA,NA,NA,NA,653160,"07.08.2016 11:41",0.531984,0.131184,0.120876,0.056226,"2016","07.08","08",NA,NA
"33",108,"LAE01","Outlet",2016-08-14,13.4,NA,NA,0.63315,0.144714,NA,NA,NA,NA,NA,NA,NA,3.382254,NA,4.725,NA,6.012985,NA,7857.994,4.375181,NA,NA,NA,NA,NA,NA,653179,"14.08.2016 13:57",0.63315,0.156642,0.144714,0.068268,"2016","14.08","08",NA,NA
"34",108,"LAE01","Outlet",2016-08-21,12.8,NA,NA,0.589626,0.13404,NA,NA,NA,NA,NA,NA,NA,3.27825,NA,4.606453125,NA,5.844844,NA,7881.225,4.398881,NA,NA,NA,NA,NA,NA,653180,"21.08.2016 12:57",0.589626,0.145542,0.13404,0.063462,"2016","21.08","08",NA,NA
"35",108,"LAE01","Outlet",2016-08-28,12.8,3.262757,0.08,0.57558,0.133014,NA,NA,NA,NA,NA,NA,NA,3.221156,NA,4.49671875,NA,5.845781,NA,7692.246,4.327214,NA,0.2549029,NA,0.00625,NA,2.4519138,653240,"28.08.2016 11:07",0.57558,0.144168,0.133014,0.063498,"2016","28.08","08",0.254902890625,NA
"36",108,"LAE01","Outlet",2016-09-05,12.5,NA,NA,0.592488,0.137262,NA,NA,NA,NA,NA,NA,NA,3.388896,NA,4.739904,NA,6.2016,NA,7643.034,4.316475,NA,NA,NA,NA,NA,NA,653292,"05.09.2016 11:04",0.592488,0.148614,0.137262,0.066006,"2016","05.09","09",NA,NA
"37",108,"LAE01","Outlet",2016-09-11,12.3,NA,NA,0.554844,0.126654,NA,NA,NA,NA,NA,NA,NA,3.20922,NA,4.51092682926829,NA,5.786341,NA,7795.819,4.380785,NA,NA,NA,NA,NA,NA,654303,"11.09.2016 11:21",0.554844,0.137196,0.126654,0.060456,"2016","11.09","09",NA,NA
"38",NA,"","Outlet",2016-09-15,NA,NA,NA,NA,NA,2.91,0.07,12.22,0.417,0.296,0.092,0.051,NA,2.422259,NA,3.41243862520458,NA,4.173486,NA,NA,4.532609,NA,0.2381342,NA,0.005728314,NA,NA,NA,NA,NA,NA,NA,"2016","15.09","09",NA,0.238134206219313
"39",108,"LAE01","Outlet",2016-09-18,12,NA,NA,0.539802,0.1242726,NA,NA,NA,NA,NA,NA,NA,3.19965,NA,4.49835,NA,5.868,NA,7665.9,4.343693,NA,NA,NA,NA,NA,NA,654445,"18.09.2016 13:21",0.539802,0.134628,0.1242726,0.060354,"2016","18.09","09",NA,NA
"40",108,"LAE01","Outlet",2016-09-19,12,NA,NA,NA,NA,NA,NA,NA,NA,NA,NA,NA,NA,NA,NA,NA,NA,NA,NA,NA,NA,NA,NA,NA,NA,NA,NA,NA,NA,NA,NA,NA,"2016","19.09","09",NA,NA
"41",108,"LAE01","Outlet",2016-09-24,11.8,3.780215,0.1,0.520308,0.1186926,NA,NA,NA,NA,NA,NA,NA,3.131695,NA,4.40938983050847,NA,5.717288,NA,7712.38,4.38366,NA,0.3203572,NA,0.008474576,NA,2.6453525,654449,"24.09.2016 13:17",0.520308,0.12849,0.1186926,0.05805,"2016","24.09","09",0.32035720338983,NA
"42",108,"LAE01","Outlet",2016-10-02,11.7,NA,NA,0.52737,0.122814,NA,NA,NA,NA,NA,NA,NA,3.226103,NA,4.5074358974359,NA,5.922051,NA,7611.275,4.294054,NA,NA,NA,NA,NA,NA,654639,"02.10.2016 10:59",0.52737,0.133158,0.122814,0.059232,"2016","02.10","10",NA,NA
"43",108,"LAE01","Outlet",2016-10-09,11.2,NA,NA,0.531492,0.125766,NA,NA,NA,NA,NA,NA,NA,3.407571,NA,4.74546428571429,NA,6.398036,NA,7417.064,4.226039,NA,NA,NA,NA,NA,NA,655880,"09.10.2016 09:54",0.531492,0.136272,0.125766,0.06153,"2016","09.10","10",NA,NA
"44",108,"LAE01","Outlet",2016-10-17,10.7,NA,NA,0.554334,0.131754,NA,NA,NA,NA,NA,NA,NA,3.719495,NA,5.18069158878505,NA,7.019439,NA,7380.492,4.207341,NA,NA,NA,NA,NA,NA,655808,"17.10.2016 12:59",0.554334,0.142518,0.131754,0.064302,"2016","17.10","10",NA,NA
"45",108,"LAE01","Outlet",2016-10-20,11.3,NA,NA,0.51228,0.120912,NA,NA,NA,NA,NA,NA,NA,3.246531,NA,4.53345132743363,NA,6.129558,NA,7396.05,4.2368,NA,NA,NA,NA,NA,NA,655752,"20.10.2016 12:00",0.51228,0.13101,0.120912,0.05961,"2016","20.10","10",NA,NA
"46",108,"LAE01","Outlet",2016-10-24,11.1,NA,NA,0.537132,0.127152,NA,NA,NA,NA,NA,NA,NA,3.472103,NA,4.83902702702703,NA,6.518378,NA,7423.667,4.22433,NA,NA,NA,NA,NA,NA,655930,"24.10.2016 13:44",0.537132,0.137574,0.127152,0.061956,"2016","24.10","10",NA,NA
"47",108,"LAE01","Outlet",2016-10-30,11.4,3.895,0.141265,0.541788,0.126546,NA,NA,NA,NA,NA,NA,NA,3.398263,NA,4.75252631578947,NA,6.324737,NA,7514.188,4.281352,NA,0.3416667,NA,0.012391667,NA,3.6268293,655920,"30.10.2016 13:34",0.541788,0.13713,0.126546,0.061908,"2016","30.10","10",0.341666666666667,NA
"48",108,"LAE01","Outlet",2016-11-07,11.7,NA,NA,0.546016,0.127784,NA,NA,NA,NA,NA,NA,NA,3.345778,NA,4.66680341880342,NA,6.174051,NA,7558.738,4.272961,NA,NA,NA,NA,NA,NA,656179,"07.11.2016 20:45",0.546016,0.138352,0.127784,0.06172,"2016","07.11","11",NA,NA
"49",108,"LAE01","Outlet",2016-11-13,12.3,NA,NA,0.5763,0.134508,NA,NA,NA,NA,NA,NA,NA,3.358634,NA,4.68536585365854,NA,6.141496,NA,7629.03,4.284504,NA,NA,NA,NA,NA,NA,656181,"13.11.2016 13:56",0.5763,0.145788,0.134508,0.064384,"2016","13.11","11",NA,NA
"50",108,"LAE01","Outlet",2016-11-19,12.1,NA,NA,0.571304,0.133564,NA,NA,NA,NA,NA,NA,NA,3.391769,NA,4.72152066115703,NA,6.189124,NA,7628.738,4.27738,NA,NA,NA,NA,NA,NA,656180,"19.11.2016 13:36",0.571304,0.1447,0.133564,0.063824,"2016","19.11","11",NA,NA
"51",108,"LAE01","Outlet",2016-11-27,13.2,3.714192,0.12383905,0.562948,0.13078,NA,NA,NA,NA,NA,NA,NA,3.074424,NA,4.26475757575758,NA,5.498485,NA,7756.241,4.304542,NA,0.2813782,NA,0.009381746,NA,3.3342124,656701,"27.11.2016 15:34",0.562948,0.1422,0.13078,0.061508,"2016","27.11","11",0.281378181818182,NA
"52",108,"LAE01","Outlet",2016-12-04,13.5,NA,NA,0.569704,0.13272,NA,NA,NA,NA,NA,NA,NA,3.041896,NA,4.22002962962963,NA,5.443852,NA,7751.919,4.292526,NA,NA,NA,NA,NA,NA,656379,"04.12.2016 13:32",0.569704,0.144248,0.13272,0.062292,"2016","04.12","12",NA,NA
"53",108,"LAE01","Outlet",2016-12-11,13,NA,NA,0.579868,0.1345,NA,NA,NA,NA,NA,NA,NA,3.213446,NA,4.46052307692308,NA,5.713231,NA,7807.357,4.311286,NA,NA,NA,NA,NA,NA,656487,"11.12.2016 13:36",0.579868,0.14622,0.1345,0.062748,"2016","11.12","12",NA,NA
"54",108,"LAE01","Outlet",2016-12-18,13.5,NA,NA,0.618936,0.144488,NA,NA,NA,NA,NA,NA,NA,3.3136,NA,4.58471111111111,NA,5.909926,NA,7757.646,4.28365,NA,NA,NA,NA,NA,NA,656480,"18.12.2016 13:26",0.618936,0.156728,0.144488,0.067584,"2016","18.12","12",NA,NA
"55",108,"LAE01","Outlet",2016-12-27,13.1,3.660273,0.12899505,0.651044,0.152904,NA,NA,NA,NA,NA,NA,NA,3.593405,NA,4.96980152671756,NA,6.523053,NA,7618.827,4.257861,NA,0.2794101,NA,0.00984695,NA,3.5241922,656492,"27.12.2016 15:18",0.651044,0.165736,0.152904,0.072632,"2016","27.12","12",0.279410152671756,NA
"56",108,"LAE01","Outlet",2017-01-01,13.1,NA,NA,0.656656,0.152836,NA,NA,NA,NA,NA,NA,NA,3.609557,NA,5.01264122137405,NA,6.47542,NA,7741.029,4.296475,NA,NA,NA,NA,NA,NA,656482,"01.01.2017 13:41",0.656656,0.16584,0.152836,0.072008,"2017","01.01","01",NA,NA
"57",108,"LAE01","Outlet",2017-01-08,13.8,NA,NA,0.649772,0.151408,NA,NA,NA,NA,NA,NA,NA,3.391855,NA,4.70849275362319,NA,6.097391,NA,7722.143,4.29153,NA,NA,NA,NA,NA,NA,656549,"08.01.2017 13:33",0.649772,0.164352,0.151408,0.071476,"2017","08.01","01",NA,NA
"58",108,"LAE01","Outlet",2017-01-15,13.4,NA,NA,0.67946,0.159032,NA,NA,NA,NA,NA,NA,NA,3.660537,NA,5.07059701492537,NA,6.616418,NA,7663.659,4.272473,NA,NA,NA,NA,NA,NA,656553,"15.01.2017 12:49",0.67946,0.172452,0.159032,0.075428,"2017","15.01","01",NA,NA
"59",108,"LAE01","Outlet",2017-01-22,13.1,NA,NA,0.635304,0.148064,NA,NA,NA,NA,NA,NA,NA,3.501069,NA,4.84964885496183,NA,6.265344,NA,7740.436,4.290739,NA,NA,NA,NA,NA,NA,656904,"22.01.2017 12:53",0.635304,0.160756,0.148064,0.0695,"2017","22.01","01",NA,NA
"60",108,"LAE01","Outlet",2017-01-25,13.7,NA,NA,0.644912,0.149868,2.97,0.09,13.63,0.541,0.388,0.124,0.07,3.392263,2.846662,4.70738686131387,3.96918561995598,6.065985,5.13573,7760.3,4.3032,4.362903,NA,0.2179017,NA,0.006603081,NA,656642,"25.01.2017 00:00",0.644912,0.162636,0.149868,0.070488,"2017","25.01","01",NA,0.217901687454145
"61",108,"LAE01","Outlet",2017-01-29,14.2,4.1843,0.02921968,0.668852,0.154256,NA,NA,NA,NA,NA,NA,NA,3.379887,NA,4.71022535211268,NA,6.034085,NA,7806.031,4.335987,NA,0.294669,NA,0.002057724,NA,0.6983171,656743,"29.01.2017 13:05",0.668852,0.167424,0.154256,0.072656,"2017","29.01","01",0.294669014084507,NA
"62",108,"LAE01","Outlet",2017-02-05,13,NA,NA,0.6331996,0.148928,NA,NA,NA,NA,NA,NA,NA,3.523415,NA,4.87076615384615,NA,6.388,NA,7624.869,4.251716,NA,NA,NA,NA,NA,NA,656848,"05.02.2017 13:39",0.6331996,0.161428,0.148928,0.0705276,"2017","05.02","02",NA,NA
"63",108,"LAE01","Outlet",2017-02-11,13.1,NA,NA,0.6400236,0.151864,NA,NA,NA,NA,NA,NA,NA,3.547542,NA,4.88567633587786,NA,6.495267,NA,7521.902,4.214452,NA,NA,NA,NA,NA,NA,656901,"11.02.2017 14:47",0.6400236,0.164556,0.151864,0.0723556,"2017","11.02","02",NA,NA
"64",108,"LAE01","Outlet",2017-02-19,13.2,NA,NA,0.6250836,0.147936,NA,NA,NA,NA,NA,NA,NA,3.438242,NA,4.73548181818182,NA,6.293333,NA,7524.6,4.225365,NA,NA,NA,NA,NA,NA,656900,"19.02.2017 14:40",0.6250836,0.16034,0.147936,0.0706396,"2017","19.02","02",NA,NA
"65",108,"LAE01","Outlet",2017-02-25,13.2,3.430818,0.06600567,0.635636,0.149428,NA,NA,NA,NA,NA,NA,NA,3.485818,NA,4.81542424242424,NA,6.304545,NA,7638.02,4.253794,NA,0.2599105,NA,0.005000429,NA,1.9239047,657462,"25.02.2017 13:53",0.635636,0.162132,0.149428,0.07072,"2017","25.02","02",0.259910454545455,NA
"66",108,"LAE01","Outlet",2017-03-06,12.4,NA,NA,0.593752,0.135712,NA,NA,NA,NA,NA,NA,NA,3.44671,NA,4.78832258064516,NA,5.899355,NA,8116.689,4.375088,NA,NA,NA,NA,NA,NA,657100,"06.03.2017 16:07",0.593752,0.147628,0.135712,0.061332,"2017","06.03","03",NA,NA
"67",108,"LAE01","Outlet",2017-03-11,12.7,NA,NA,0.614232,0.146068,NA,NA,NA,NA,NA,NA,NA,3.520756,NA,4.83647244094488,NA,6.424252,NA,7528.46,4.20511,NA,NA,NA,NA,NA,NA,657202,"11.03.2017 14:25",0.614232,0.158392,0.146068,0.069128,"2017","11.03","03",NA,NA
"68",108,"LAE01","Outlet",2017-03-18,12.6,NA,NA,0.576356,0.135356,NA,NA,NA,NA,NA,NA,NA,3.314159,NA,4.57425396825397,NA,5.973968,NA,7656.977,4.258075,NA,NA,NA,NA,NA,NA,657203,"18.03.2017 14:57",0.576356,0.146872,0.135356,0.063788,"2017","18.03","03",NA,NA
"69",108,"LAE01","Outlet",2017-03-25,12.6,3.613785,0.12347679,0.600804,0.142404,NA,NA,NA,NA,NA,NA,NA,3.45854,NA,4.76828571428571,NA,6.320317,NA,7544.377,4.219011,NA,0.2868084,NA,0.009799745,NA,3.4168269,657200,"25.03.2017 14:10",0.600804,0.15432,0.142404,0.067664,"2017","25.03","03",0.286808333333333,NA
"70",108,"LAE01","Outlet",2017-04-01,12.7,NA,NA,0.597264,0.139384,2.89,0.051,10.29,0.619,NA,0.143,0.078,3.415307,NA,4.70286614173228,6.01554907677357,6.091024,7.580175,7720.978,4.285026,4.328671,NA,0.2808552,NA,0.004956268,NA,657484,"01.04.2017 12:44",0.597264,0.151196,0.139384,0.065576,"2017","01.04","04",NA,0.280855199222546
"71",108,"LAE01","Outlet",2017-04-09,11.6,NA,NA,0.55512,0.128872,NA,NA,NA,NA,NA,NA,NA,3.472414,NA,4.78551724137931,NA,6.11069,NA,7831.386,4.30753,NA,NA,NA,NA,NA,NA,657781,"09.04.2017 12:01",0.55512,0.140052,0.128872,0.059952,"2017","09.04","04",NA,NA
"72",108,"LAE01","Outlet",2017-04-16,10.2,NA,NA,0.464544,0.108056,NA,NA,NA,NA,NA,NA,NA,3.298314,NA,4.55435294117647,NA,5.853333,NA,7780.785,4.299104,NA,NA,NA,NA,NA,NA,657786,"16.04.2017 00:00",0.464544,0.117452,0.108056,0.05058,"2017","16.04","04",NA,NA
"73",108,"LAE01","Outlet",2017-04-23,10.3,NA,NA,0.490668,0.115868,NA,NA,NA,NA,NA,NA,NA,3.457476,NA,4.76376699029126,NA,6.247767,NA,7624.751,4.234715,NA,NA,NA,NA,NA,NA,657783,"23.04.2017 11:40",0.490668,0.12566,0.115868,0.054628,"2017","23.04","04",NA,NA
"74",108,"LAE01","Outlet",2017-04-30,10.7,2.459634,0.04655617,0.471344,0.109996,NA,NA,NA,NA,NA,NA,NA,3.180785,NA,4.40508411214953,NA,5.72,NA,7701.196,4.285101,NA,0.2298724,NA,0.004351044,NA,1.8928087,657787,"30.04.2017 13:03",0.471344,0.119328,0.109996,0.05202,"2017","30.04","04",0.229872336448598,NA
"75",108,"LAE01","Outlet",2017-05-07,9.6,NA,NA,0.451788,0.105504,NA,NA,NA,NA,NA,NA,NA,3.393292,NA,4.706125,NA,6.09,NA,7727.627,4.282188,NA,NA,NA,NA,NA,NA,657782,"07.05.2017 12:20",0.451788,0.114396,0.105504,0.049572,"2017","07.05","05",NA,NA
"76",108,"LAE01","Outlet",2017-05-14,9.1,NA,NA,0.44072,0.103068,NA,NA,NA,NA,NA,NA,NA,3.479692,NA,4.84307692307692,NA,6.316923,NA,7666.829,4.276012,NA,NA,NA,NA,NA,NA,658697,"14.05.2017 12:20",0.44072,0.1117,0.103068,0.048876,"2017","14.05","05",NA,NA
"77",108,"LAE01","Outlet",2017-05-21,10.1,NA,NA,0.484384,0.1153644,NA,NA,NA,NA,NA,NA,NA,3.469386,NA,4.79588118811881,NA,6.467327,NA,7415.554,4.19873,NA,NA,NA,NA,NA,NA,658098,"21.05.2017 12:03",0.484384,0.1248084,0.1153644,0.055868,"2017","21.05","05",NA,NA
"78",108,"LAE01","Outlet",2017-05-28,10,3.516298,0.06640107,0.448908,0.1022004,NA,NA,NA,NA,NA,NA,NA,3.18832,NA,4.48908,NA,5.726,NA,7839.818,4.392429,NA,0.3516298,NA,0.006640107,NA,1.8883801,657943,"28.05.2017 12:36",0.448908,0.1106804,0.1022004,0.048736,"2017","28.05","05",0.3516298,NA
"79",108,"LAE01","Outlet",2017-06-04,10.1,NA,NA,0.431292,0.0965204,NA,NA,NA,NA,NA,NA,NA,3.025584,NA,4.27021782178218,NA,5.303366,NA,8051.901,4.468403,NA,NA,NA,NA,NA,NA,658683,"04.06.2017 00:00",0.431292,0.1046644,0.0965204,0.04548,"2017","04.06","06",NA,NA
"80",NA,"","Outlet",2017-06-06,NA,NA,NA,NA,NA,NA,NA,8.26,0.452,NA,0.107,0.062,NA,NA,NA,5.47215496368039,NA,7.506053,NA,NA,4.224299,NA,NA,NA,NA,NA,NA,NA,NA,NA,NA,NA,"2017","06.06","06",NA,NA
"81",108,"LAE01","Outlet",2017-06-11,11.8,NA,NA,0.5216,0.118712,NA,NA,NA,NA,NA,NA,NA,3.17678,NA,4.42033898305085,NA,5.512203,NA,8019.187,4.393827,NA,NA,NA,NA,NA,NA,658699,"11.06.2017 13:36",0.5216,0.128964,0.118712,0.055052,"2017","11.06","06",NA,NA
"82",108,"LAE01","Outlet",2017-06-18,12.1,NA,NA,0.540184,0.125224,NA,NA,NA,NA,NA,NA,NA,3.21957,NA,4.4643305785124,NA,5.759008,NA,7751.909,4.313742,NA,NA,NA,NA,NA,NA,658701,"18.06.2017 12:10",0.540184,0.135868,0.125224,0.059196,"2017","18.06","06",NA,NA
"83",108,"LAE01","Outlet",2017-06-25,11.8,4.206796,0.05783514,0.539452,0.122668,NA,NA,NA,NA,NA,NA,NA,3.269525,NA,4.57162711864407,NA,5.798305,NA,7884.42,4.397659,NA,0.3565081,NA,0.004901283,NA,1.3748028,658856,"25.06.2017 11:17",0.539452,0.133088,0.122668,0.058164,"2017","25.06","06",0.35650813559322,NA
"84",108,"LAE01","Outlet",2017-07-02,11.5,NA,NA,0.518024,0.115888,NA,NA,NA,NA,NA,NA,NA,3.197983,NA,4.50455652173913,NA,5.580174,NA,8072.43,4.47004,NA,NA,NA,NA,NA,NA,658723,"02.07.2017 12:10",0.518024,0.125744,0.115888,0.054432,"2017","02.07","07",NA,NA
"85",108,"LAE01","Outlet",2017-07-10,11.6,NA,NA,0.520504,0.116444,NA,NA,NA,NA,NA,NA,NA,3.178,NA,4.48710344827586,NA,5.606552,NA,8003.321,4.469994,NA,NA,NA,NA,NA,NA,658722,"10.07.2017 10:25",0.520504,0.126276,0.116444,0.055312,"2017","10.07","07",NA,NA
"86",108,"LAE01","Outlet",2017-07-16,10.9,NA,NA,0.446652,0.101192,NA,NA,NA,NA,NA,NA,NA,2.914275,NA,4.0977247706422,NA,5.234128,NA,7828.858,4.413906,NA,NA,NA,NA,NA,NA,658807,"16.07.2017 10:06",0.446652,0.10968,0.101192,0.048584,"2017","16.07","07",NA,NA
"87",108,"LAE01","Outlet",2017-07-24,10.4,NA,NA,0.418832,0.09372,NA,NA,NA,NA,NA,NA,NA,2.845385,NA,4.02723076923077,NA,5.034615,NA,7999.083,4.468971,NA,NA,NA,NA,NA,NA,658808,"24.07.2017 14:38",0.418832,0.101688,0.09372,0.044648,"2017","24.07","07",NA,NA
"88",108,"LAE01","Outlet",2017-07-30,10.8,3.535249,0.07045421,0.459396,0.105276,NA,NA,NA,NA,NA,NA,NA,3.01533,NA,4.25366666666667,NA,5.61037,NA,7581.793,4.36373,NA,0.3273379,NA,0.006523538,NA,1.9929063,658805,"30.07.2017 12:22",0.459396,0.113932,0.105276,0.052116,"2017","30.07","07",0.32733787037037,NA
"89",108,"LAE01","Outlet",2017-08-05,11.4,NA,NA,0.440532,0.098258,NA,NA,NA,NA,NA,NA,NA,2.725439,NA,3.86431578947368,NA,4.726316,NA,8176.169,4.483421,NA,NA,NA,NA,NA,NA,659033,"05.08.2017 13:31",0.440532,0.10667,0.098258,0.0455922,"2017","05.08","08",NA,NA
"90",108,"LAE01","Outlet",2017-08-14,15.1,NA,NA,0.632256,0.14406,NA,NA,NA,NA,NA,NA,NA,2.980901,NA,4.18712582781457,NA,5.309139,NA,7886.638,4.388838,NA,NA,NA,NA,NA,NA,658918,"14.08.2017 16:14",0.632256,0.15624,0.14406,0.068072,"2017","14.08","08",NA,NA
"91",108,"LAE01","Outlet",2017-08-20,15.4,NA,NA,0.660248,0.153512,NA,NA,NA,NA,NA,NA,NA,3.081117,NA,4.28732467532467,NA,5.569351,NA,7698.069,4.300954,NA,NA,NA,NA,NA,NA,658917,"20.08.2017 10:13",0.660248,0.166304,0.153512,0.072864,"2017","20.08","08",NA,NA
"92",108,"LAE01","Outlet",2017-08-26,15.3,4.518225,0.05343699,0.646804,0.14846,NA,NA,NA,NA,NA,NA,NA,3.01532,NA,4.22747712418301,NA,5.410719,NA,7813.152,4.356756,NA,0.2953088,NA,0.003492614,NA,1.1826986,659449,"26.08.2017 12:40",0.646804,0.160876,0.14846,0.070364,"2017","26.08","08",0.295308823529412,NA
"93",108,"LAE01","Outlet",2017-09-03,14.8,NA,NA,0.628784,0.145448,NA,NA,NA,NA,NA,NA,NA,3.034054,NA,4.24854054054054,NA,5.532162,NA,7679.711,4.323085,NA,NA,NA,NA,NA,NA,658915,"03.09.2017 13:17",0.628784,0.157396,0.145448,0.069808,"2017","03.09","09",NA,NA
"94",108,"LAE01","Outlet",2017-09-10,14,NA,NA,NA,NA,NA,NA,NA,NA,NA,NA,NA,NA,NA,NA,NA,NA,NA,NA,NA,NA,NA,NA,NA,NA,NA,NA,NA,NA,NA,NA,NA,"2017","10.09","09",NA,NA
"95",108,"LAE01","Outlet",2017-09-16,15.2,NA,NA,0.663496,0.153016,NA,NA,NA,NA,NA,NA,NA,3.134632,NA,4.36510526315789,NA,5.583158,NA,7818.345,4.336122,NA,NA,NA,NA,NA,NA,659275,"16.09.2017 17:45",0.663496,0.165888,0.153016,0.07198,"2017","16.09","09",NA,NA
"96",NA,"","Outlet",2017-09-22,NA,NA,NA,NA,NA,3.86,0.059,16.91,0.681,NA,0.157,0.087,NA,NA,NA,4.02720283855707,NA,5.144885,NA,NA,4.33758,NA,0.2282673,NA,0.00348906,NA,NA,NA,NA,NA,NA,NA,"2017","22.09","09",NA,0.228267297457126
"97",108,"LAE01","Outlet",2017-09-24,14.7,4.50964,0.06044691,0.650224,0.152028,NA,NA,NA,NA,NA,NA,NA,3.193034,NA,4.4232925170068,NA,5.765714,NA,7671.716,4.277002,NA,0.3067782,NA,0.004112034,NA,1.3403932,659296,"24.09.2017 13:25",0.650224,0.164652,0.152028,0.07186,"2017","24.09","09",0.306778231292517,NA
"98",108,"LAE01","Outlet",2017-10-01,15.3,NA,NA,0.649148,0.153608,NA,NA,NA,NA,NA,NA,NA,3.080837,NA,4.24279738562091,NA,5.585621,NA,7595.928,4.226004,NA,NA,NA,NA,NA,NA,659286,"01.10.2017 12:00",0.649148,0.1665,0.153608,0.072596,"2017","01.10","10",NA,NA
"99",108,"LAE01","Outlet",2017-10-08,14.5,NA,NA,0.647524,0.151988,NA,NA,NA,NA,NA,NA,NA,3.232966,NA,4.46568275862069,NA,5.851586,NA,7631.576,4.260363,NA,NA,NA,NA,NA,NA,659256,"08.10.2017 10:25",0.647524,0.164516,0.151988,0.0720404,"2017","08.10","10",NA,NA
"100",108,"LAE01","Outlet",2017-10-15,13.4,NA,NA,0.625644,0.146376,NA,NA,NA,NA,NA,NA,NA,3.380478,NA,4.66898507462687,NA,6.062687,NA,7701.182,4.274225,NA,NA,NA,NA,NA,NA,659306,"15.10.2017 10:16",0.625644,0.158716,0.146376,0.0688444,"2017","15.10","10",NA,NA
"101",108,"LAE01","Outlet",2017-10-23,13.9,NA,NA,0.635464,0.14892,NA,NA,NA,NA,NA,NA,NA,3.31905,NA,4.57168345323741,NA,5.934676,NA,7703.341,4.26715,NA,NA,NA,NA,NA,NA,659540,"23.10.2017 12:56",0.635464,0.161592,0.14892,0.0699084,"2017","23.10","10",NA,NA
"102",108,"LAE01","Outlet",2017-10-28,13.3,4.488232,0.06748253,0.626736,0.148288,NA,NA,NA,NA,NA,NA,NA,3.420331,NA,4.7123007518797,NA,6.245714,NA,7544.855,4.226478,NA,0.3374611,NA,0.005073874,NA,1.5035435,659298,"28.10.2017 12:27",0.626736,0.160508,0.148288,0.07062,"2017","28.10","10",0.337461052631579,NA
"103",108,"LAE01","Outlet",2017-11-05,13.8,NA,NA,0.617228,0.143692,NA,NA,NA,NA,NA,NA,NA,3.236435,NA,4.47266666666667,NA,5.771884,NA,7749.058,4.295493,NA,NA,NA,NA,NA,NA,659294,"05.11.2017 14:35",0.617228,0.15594,0.143692,0.067492,"2017","05.11","11",NA,NA
"104",108,"LAE01","Outlet",2017-11-12,13.4,NA,NA,0.615936,0.144932,NA,NA,NA,NA,NA,NA,NA,3.339493,NA,4.59653731343284,NA,6.010448,NA,7647.579,4.249828,NA,NA,NA,NA,NA,NA,659371,"12.11.2017 13:33",0.615936,0.157156,0.144932,0.06824,"2017","12.11","11",NA,NA
"105",108,"LAE01","Outlet",2017-11-18,13.1,NA,NA,0.625092,0.147,NA,NA,NA,NA,NA,NA,NA,3.467878,NA,4.77169465648855,NA,6.23084,NA,7658.189,4.252327,NA,NA,NA,NA,NA,NA,659631,"18.11.2017 14:15",0.625092,0.15932,0.147,0.069344,"2017","18.11","11",NA,NA
"106",108,"LAE01","Outlet",2017-11-26,13.4,2.587687,0.07569423,0.608848,0.144392,NA,NA,NA,NA,NA,NA,NA,3.31991,NA,4.54364179104478,NA,5.957015,NA,7627.38,4.216633,NA,0.193111,NA,0.005648823,NA,2.9251695,659667,"26.11.2017 22:45",0.608848,0.156688,0.144392,0.06746,"2017","26.11","11",0.193110970149254,NA
"107",108,"LAE01","Outlet",2017-12-03,13.4,NA,NA,0.624228,0.149336,NA,NA,NA,NA,NA,NA,NA,3.41006,NA,4.65841791044776,NA,6.21791,NA,7491.935,4.180024,NA,NA,NA,NA,NA,NA,659833,"03.12.2017 13:44",0.624228,0.161984,0.149336,0.070752,"2017","03.12","12",NA,NA
"108",108,"LAE01","Outlet",2017-12-11,13.2,NA,NA,0.625572,0.148532,NA,NA,NA,NA,NA,NA,NA,3.472606,NA,4.73918181818182,NA,6.203636,NA,7639.361,4.211698,NA,NA,NA,NA,NA,NA,659790,"11.12.2017 20:06",0.625572,0.16128,0.148532,0.069188,"2017","11.12","12",NA,NA
"109",108,"LAE01","Outlet",2017-12-17,14,NA,NA,0.637808,0.150984,NA,NA,NA,NA,NA,NA,NA,3.329143,NA,4.55577142857143,NA,5.950857,NA,7655.656,4.224342,NA,NA,NA,NA,NA,NA,659834,"17.12.2017 00:00",0.637808,0.1638,0.150984,0.070448,"2017","17.12","12",NA,NA
"110",108,"LAE01","Outlet",2017-12-23,13.9,NA,NA,0.600488,0.142308,NA,NA,NA,NA,NA,NA,NA,3.160086,NA,4.32005755395683,NA,5.656978,NA,7636.687,4.219636,NA,NA,NA,NA,NA,NA,659789,"23.12.2017 14:57",0.600488,0.154432,0.142308,0.06656,"2017","23.12","12",NA,NA
"111",108,"LAE01","Outlet",2017-12-29,13.4,4.043288,0.07045116,0.652816,0.153624,NA,NA,NA,NA,NA,NA,NA,3.551045,NA,4.87176119402985,NA,6.325075,NA,7702.298,4.24944,NA,0.3017379,NA,0.005257549,NA,1.7424224,659791,"29.12.2017 12:15",0.652816,0.16674,0.153624,0.07166,"2017","29.12","12",0.301737910447761,NA
"112",108,"LAE01","Outlet",2018-01-06,13.2,NA,NA,0.597708,0.142716,NA,NA,NA,NA,NA,NA,NA,3.316576,NA,4.52809090909091,NA,6.035758,NA,7502.109,4.188094,NA,NA,NA,NA,NA,NA,659814,"06.01.2018 16:30",0.597708,0.154704,0.142716,0.067688,"2018","06.01","01",NA,NA
"113",108,"LAE01","Outlet",2018-01-16,13.1,NA,NA,0.613464,0.146352,NA,NA,NA,NA,NA,NA,NA,3.42058,NA,4.68293129770992,NA,6.220763,NA,7527.905,4.191702,NA,NA,NA,NA,NA,NA,659941,"16.01.2018 21:19",0.613464,0.158632,0.146352,0.069084,"2018","16.01","01",NA,NA
"114",108,"LAE01","Outlet",2018-01-22,13,NA,NA,0.585856,0.140564,NA,NA,NA,NA,NA,NA,NA,3.299938,NA,4.50658461538462,NA,6.041846,NA,7458.953,4.167895,NA,NA,NA,NA,NA,NA,659969,"22.01.2018 15:00",0.585856,0.152348,0.140564,0.066684,"2018","22.01","01",NA,NA
"115",108,"LAE01","Outlet",2018-01-25,12.7,3.507779,0.06777522,0.590536,0.140856,NA,NA,NA,NA,NA,NA,NA,3.395874,NA,4.64988976377953,NA,6.188661,NA,7513.563,4.19248,NA,0.2762031,NA,0.005336632,NA,1.9321404,659966,"25.01.2018 10:52",0.590536,0.152684,0.140856,0.0667,"2018","25.01","01",0.276203070866142,NA
"116",108,"LAE01","Outlet",2018-02-02,12.3,NA,NA,0.594372,0.141848,NA,NA,NA,NA,NA,NA,NA,3.532715,NA,4.83229268292683,NA,6.40065,NA,7549.69,4.190204,NA,NA,NA,NA,NA,NA,659974,"02.02.2018 20:30",0.594372,0.153696,0.141848,0.066644,"2018","02.02","02",NA,NA
"117",108,"LAE01","Outlet",2018-02-11,12.3,NA,NA,0.58772,0.141452,NA,NA,NA,NA,NA,NA,NA,3.502992,NA,4.77821138211382,NA,6.414634,NA,7448.923,4.154908,NA,NA,NA,NA,NA,NA,660586,"11.02.2018 11:00",0.58772,0.153392,0.141452,0.066936,"2018","11.02","02",NA,NA
"118",108,"LAE01","Outlet",2018-02-19,12.3,NA,NA,0.580348,0.139584,NA,NA,NA,NA,NA,NA,NA,3.454667,NA,4.71827642276423,NA,6.312195,NA,7474.858,4.157697,NA,NA,NA,NA,NA,NA,660623,"19.02.2018 01:00",0.580348,0.151296,0.139584,0.06582,"2018","19.02","02",NA,NA
"119",108,"LAE01","Outlet",2018-02-24,12.1,3.01419,0.07899634,0.580408,0.138844,NA,NA,NA,NA,NA,NA,NA,3.508529,NA,4.79676033057851,NA,6.391405,NA,7505.017,4.180289,NA,0.2491066,NA,0.006528623,NA,2.620815,660636,"24.02.2018 00:00",0.580408,0.15052,0.138844,0.065608,"2018","24.02","02",0.249106611570248,NA
"120",108,"LAE01","Outlet",2018-03-03,11.9,NA,NA,0.538928,0.131424,NA,NA,NA,NA,NA,NA,NA,3.32716,NA,4.52880672268908,NA,6.198319,NA,7306.508,4.100682,NA,NA,NA,NA,NA,NA,660709,"03.03.2018 15:03",0.538928,0.142368,0.131424,0.062772,"2018","03.03","03",NA,NA
"121",108,"LAE01","Outlet",2018-03-10,11.8,NA,NA,0.536988,0.129092,NA,NA,NA,NA,NA,NA,NA,3.332102,NA,4.55074576271186,NA,6.105085,NA,7454.026,4.159731,NA,NA,NA,NA,NA,NA,660736,"10.03.2018 14:35",0.536988,0.139852,0.129092,0.06116,"2018","10.03","03",NA,NA
"122",108,"LAE01","Outlet",2018-03-19,12.3,NA,NA,0.55648,0.135508,NA,NA,NA,NA,NA,NA,NA,3.321171,NA,4.52422764227642,NA,6.190569,NA,7308.258,4.106621,NA,NA,NA,NA,NA,NA,660777,"19.03.2018 14:15",0.55648,0.146552,0.135508,0.06482,"2018","19.03","03",NA,NA
"123",108,"LAE01","Outlet",2018-03-24,11.6,3.32,0.03322068,0.567252,0.137424,NA,NA,NA,NA,NA,NA,NA,3.589276,NA,4.89010344827586,NA,6.640345,NA,7364.231,4.127751,NA,0.2862069,NA,0.002863852,NA,1.0006228,660839,"24.03.2018 11:20",0.567252,0.148848,0.137424,0.065576,"2018","24.03","03",0.286206896551724,NA
"124",108,"LAE01","Outlet",2018-04-03,12.2,NA,NA,0.51102,0.126764,NA,NA,NA,NA,NA,NA,NA,3.104098,NA,4.18868852459016,NA,5.872459,NA,7132.768,4.031271,NA,NA,NA,NA,NA,NA,661076,"03.04.2018 12:45",0.51102,0.137108,0.126764,0.060856,"2018","03.04","04",NA,NA
"125",108,"LAE01","Outlet",2018-04-07,12.3,NA,NA,0.577256,0.140064,NA,NA,NA,NA,NA,NA,NA,3.445366,NA,4.69313821138211,NA,6.385691,NA,7349.46,4.121373,NA,NA,NA,NA,NA,NA,660936,"07.04.2018 13:37",0.577256,0.151704,0.140064,0.06674,"2018","07.04","04",NA,NA
"126",108,"LAE01","Outlet",2018-04-17,14.1,NA,NA,0.602612,0.142652,NA,NA,NA,NA,NA,NA,NA,3.128057,NA,4.27384397163121,NA,5.558865,NA,7688.339,4.22435,NA,NA,NA,NA,NA,NA,661299,"17.04.2018 18:30",0.602612,0.154832,0.142652,0.066112,"2018","17.04","04",NA,NA
"127",108,"LAE01","Outlet",2018-04-21,11.2,NA,NA,0.453116,0.10454,NA,NA,NA,NA,NA,NA,NA,2.940321,NA,4.04567857142857,NA,5.1275,NA,7890.158,4.334379,NA,NA,NA,NA,NA,NA,661066,"21.04.2018 13:30",0.453116,0.113476,0.10454,0.048536,"2018","21.04","04",NA,NA
"128",108,"LAE01","Outlet",2018-04-30,8.1,3.04,0.02276699,0.372352,0.088616,NA,NA,NA,NA,NA,NA,NA,3.343753,NA,4.59693827160494,NA,6.098765,NA,7537.49,4.20186,NA,0.3753086,NA,0.002810739,NA,0.748914,661058,"30.04.2018 19:50",0.372352,0.096108,0.088616,0.041936,"2018","30.04","04",0.375308641975309,NA
"129",108,"LAE01","Outlet",2018-05-06,7,NA,NA,NA,NA,NA,NA,NA,NA,NA,NA,NA,NA,NA,NA,NA,NA,NA,NA,NA,NA,NA,NA,NA,NA,NA,NA,NA,NA,NA,NA,NA,"2018","06.05","05",NA,NA
"130",108,"LAE01","Outlet",2018-05-14,7.9,NA,NA,0.3509502,0.083724,NA,NA,NA,NA,NA,NA,NA,3.193797,NA,4.44240759493671,NA,5.959494,NA,7454.337,4.191751,NA,NA,NA,NA,NA,NA,661549,"14.05.2018 18:18",0.3509502,0.090638,0.083724,0.040112,"2018","14.05","05",NA,NA
"131",108,"LAE01","Outlet",2018-05-21,7.5,NA,NA,0.344076,0.079762,NA,NA,NA,NA,NA,NA,NA,3.268027,NA,4.58768,NA,5.999467,NA,7646.813,4.313784,NA,NA,NA,NA,NA,NA,661383,"21.05.2018 13:03",0.344076,0.086442,0.079762,0.038454,"2018","21.05","05",NA,NA
"132",108,"LAE01","Outlet",2018-05-27,7.4,2.72,0.05326135,0.328796,0.072508,NA,NA,NA,NA,NA,NA,NA,3.121135,NA,4.44318918918919,NA,5.402703,NA,8224.012,4.534617,NA,0.3675676,NA,0.00719748,NA,1.958138,661382,"27.05.2018 15:05",0.328796,0.0787682,0.072508,0.03385,"2018","27.05","05",0.367567567567568,NA
"133",NA,"","Outlet",2018-05-29,NA,NA,NA,NA,NA,2.4,NA,7.4,0.329,0.232,0.068,0.035,NA,3.135135,NA,4.44594594594595,NA,4.72973,NA,NA,4.838235,NA,0.3243243,NA,NA,NA,NA,NA,NA,NA,NA,NA,"2018","29.05","05",NA,0.324324324324324
"134",108,"LAE01","Outlet",2018-06-03,7.5,NA,NA,0.300694,0.066496,NA,NA,NA,NA,NA,NA,NA,2.8256,NA,4.00925333333333,NA,4.877867,NA,8219.276,4.521986,NA,NA,NA,NA,NA,NA,661385,"03.06.2018 09:57",0.300694,0.0721822,0.066496,0.030904,"2018","03.06","06",NA,NA
"135",108,"LAE01","Outlet",2018-06-10,7.2,NA,NA,0.30748,0.068164,NA,NA,NA,NA,NA,NA,NA,2.99075,NA,4.27055555555556,NA,5.262222,NA,8115.498,4.510886,NA,NA,NA,NA,NA,NA,661386,"10.06.2018 10:48",0.30748,0.0739562,0.068164,0.032182,"2018","10.06","06",NA,NA
"136",108,"LAE01","Outlet",2018-06-18,7.1,NA,NA,0.30617,0.067058,NA,NA,NA,NA,NA,NA,NA,3.033211,NA,4.31225352112676,NA,5.198028,NA,8295.941,4.565749,NA,NA,NA,NA,NA,NA,661387,"18.06.2018 12:13",0.30617,0.0728362,0.067058,0.031184,"2018","18.06","06",NA,NA
"137",108,"LAE01","Outlet",2018-06-24,6.8,2.414697,0.09303898,0.29046,0.064398,NA,NA,NA,NA,NA,NA,NA,3.019059,NA,4.27147058823529,NA,5.197353,NA,8218.55,4.510389,NA,0.3551026,NA,0.013682203,NA,3.8530285,661842,"24.06.2018 14:46",0.29046,0.0699282,0.064398,0.029886,"2018","24.06","06",0.3551025,NA
"138",108,"LAE01","Outlet",2018-07-01,6.9,NA,NA,0.282868,0.062286,NA,NA,NA,NA,NA,NA,NA,2.864203,NA,4.09953623188406,NA,5.045217,NA,8125.589,4.541438,NA,NA,NA,NA,NA,NA,661388,"01.07.2018 12:48",0.282868,0.0675322,0.062286,0.02949,"2018","01.07","07",NA,NA
"139",108,"LAE01","Outlet",2018-07-08,6.9,NA,NA,0.268164,0.05956,NA,NA,NA,NA,NA,NA,NA,2.706087,NA,3.8864347826087,NA,4.86029,NA,7996.302,4.502418,NA,NA,NA,NA,NA,NA,661619,"08.07.2018 11:58",0.268164,0.064584,0.05956,0.028732,"2018","08.07","07",NA,NA
"140",108,"LAE01","Outlet",2018-08-08,7.3,NA,NA,0.267684,0.055836,NA,NA,NA,NA,NA,NA,NA,2.537041,NA,3.66690410958904,NA,4.221918,NA,8685.399,4.794111,NA,NA,NA,NA,NA,NA,661620,"08.08.2018 17:38",0.267684,0.060688,0.055836,0.026204,"2018","08.08","08",NA,NA
"141",108,"LAE01","Outlet",2018-08-12,9.1,NA,NA,0.30948,0.066372,NA,NA,NA,NA,NA,NA,NA,2.375121,NA,3.40087912087912,NA,4.023297,NA,8452.966,4.66281,NA,NA,NA,NA,NA,NA,706924,"12.08.2018 11:47",0.30948,0.072104,0.066372,0.031,"2018","12.08","08",NA,NA
"142",108,"LAE01","Outlet",2018-08-20,12.1,NA,NA,0.443976,0.098624,NA,NA,NA,NA,NA,NA,NA,2.597289,NA,3.66922314049587,NA,4.496529,NA,8160.124,4.501703,NA,NA,NA,NA,NA,NA,661698,"20.08.2018 12:58",0.443976,0.10718,0.098624,0.04606,"2018","20.08","08",NA,NA
"143",108,"LAE01","Outlet",2018-08-26,12.6,3.141665,0.08112904,0.449684,0.099696,NA,NA,NA,NA,NA,NA,NA,2.514508,NA,3.56892063492063,NA,4.405397,NA,8101.247,4.510552,NA,0.2493385,NA,0.006438812,NA,2.5823576,661621,"26.08.2018 10:50",0.449684,0.108216,0.099696,0.0472,"2018","26.08","08",0.249338492063492,NA
"144",108,"LAE01","Outlet",2018-09-03,10.6,NA,NA,0.427452,0.094504,NA,NA,NA,NA,NA,NA,NA,2.835434,NA,4.03256603773585,NA,4.986038,NA,8087.717,4.52311,NA,NA,NA,NA,NA,NA,667711,"03.09.2018 08:36",0.427452,0.102476,0.094504,0.044928,"2018","03.09","09",NA,NA
"145",108,"LAE01","Outlet",2018-09-09,11.3,NA,NA,0.475704,0.10666,NA,NA,NA,NA,NA,NA,NA,2.978088,NA,4.20976991150442,NA,5.304425,NA,7936.336,4.460004,NA,NA,NA,NA,NA,NA,661798,"09.09.2018 11:45",0.475704,0.115636,0.10666,0.05114,"2018","09.09","09",NA,NA
"146",108,"LAE01","Outlet",2018-09-16,14.5,NA,NA,0.554436,0.128204,NA,NA,NA,NA,NA,NA,NA,2.737628,NA,3.82369655172414,NA,4.979862,NA,7678.318,4.324639,NA,NA,NA,NA,NA,NA,707059,"16.09.2018 11:20",0.554436,0.13888,0.128204,0.061532,"2018","16.09","09",NA,NA
"147",NA,"","Outlet",2018-09-20,NA,NA,NA,NA,NA,4.2,NA,16.91,0.544,0.3857,0.115,0.06,NA,2.280899,NA,3.21703134240095,NA,3.548196,NA,NA,4.730435,NA,0.2483737,NA,NA,NA,NA,NA,NA,NA,NA,NA,"2018","20.09","09",NA,0.248373743347132
"148",108,"LAE01","Outlet",2018-09-23,14.1,NA,NA,0.582948,0.135324,NA,NA,NA,NA,NA,NA,NA,2.962383,NA,4.1343829787234,NA,5.415603,NA,7634.206,4.307795,NA,NA,NA,NA,NA,NA,822716,"23.09.2018 17:10",0.582948,0.146372,0.135324,0.06514,"2018","23.09","09",NA,NA
"149",108,"LAE01","Outlet",2018-09-29,13,3.221472,0.09038518,0.554,0.130664,NA,NA,NA,NA,NA,NA,NA,3.058338,NA,4.26153846153846,NA,5.732308,NA,7434.246,4.239882,NA,0.2478055,NA,0.006952706,NA,2.8057109,673818,"29.09.2018 12:15",0.554,0.141252,0.130664,0.06388,"2018","29.09","09",0.247805538461538,NA
"150",108,"LAE01","Outlet",2018-10-07,13.2,NA,NA,0.537708,0.126152,NA,NA,NA,NA,NA,NA,NA,2.925182,NA,4.07354545454545,NA,5.409697,NA,7530.081,4.262382,NA,NA,NA,NA,NA,NA,706793,"07.10.2018 00:00",0.537708,0.136536,0.126152,0.06112,"2018","07.10","10",NA,NA
"151",108,"LAE01","Outlet",2018-10-14,12.5,NA,NA,0.546444,0.129032,NA,NA,NA,NA,NA,NA,NA,3.138173,NA,4.371552,NA,5.89472,NA,7416.047,4.234949,NA,NA,NA,NA,NA,NA,706696,"14.10.2018 13:30",0.546444,0.139564,0.129032,0.063224,"2018","14.10","10",NA,NA
"152",NA,"","Outlet",2018-10-17,NA,NA,NA,NA,NA,3.6,NA,14.87,0.565,0.402,0.126,0.068,NA,2.70343,NA,3.79959650302623,NA,4.572966,NA,NA,4.484127,NA,0.2420982,NA,NA,NA,NA,NA,NA,NA,NA,NA,"2018","17.10","10",NA,0.242098184263618
"153",108,"LAE01","Outlet",2018-10-21,12.7,NA,NA,0.533752,0.123532,NA,NA,NA,NA,NA,NA,NA,3.009858,NA,4.20277165354331,NA,5.465827,NA,7689.178,4.320759,NA,NA,NA,NA,NA,NA,706911,"21.10.2018 13:02",0.533752,0.133856,0.123532,0.0592,"2018","21.10","10",NA,NA
"154",108,"LAE01","Outlet",2018-11-01,12.7,2.977175,NA,0.569444,0.132304,NA,NA,NA,NA,NA,NA,NA,3.217197,NA,4.48381102362205,NA,5.846614,NA,7669.073,4.304057,NA,0.2344233,NA,NA,NA,NA,707061,"01.11.2018 13:57",0.569444,0.143376,0.132304,0.063396,"2018","01.11","11",0.234423228346457,NA
"155",108,"LAE01","Outlet",2018-11-04,13.9,NA,NA,0.560884,0.130044,NA,NA,NA,NA,NA,NA,NA,2.905209,NA,4.03513669064748,NA,5.234245,NA,7709.11,4.313033,NA,NA,NA,NA,NA,NA,707062,"04.11.2018 12:56",0.560884,0.140988,0.130044,0.061808,"2018","04.11","11",NA,NA
"156",108,"LAE01","Outlet",2018-11-09,13.3,NA,NA,NA,NA,NA,NA,NA,NA,NA,NA,NA,NA,NA,NA,NA,NA,NA,NA,NA,NA,NA,NA,NA,NA,NA,NA,NA,NA,NA,NA,NA,"2018","09.11","11",NA,NA
"157",108,"LAE01","Outlet",2018-11-11,14.8,NA,NA,0.559376,0.127708,NA,NA,NA,NA,NA,NA,NA,2.733865,NA,3.77956756756757,NA,4.709189,NA,8025.941,4.380117,NA,NA,NA,NA,NA,NA,867153,"11.11.2018 13:05",0.559376,0.138844,0.127708,0.058748,"2018","11.11","11",NA,NA
"158",108,"LAE01","Outlet",2018-11-18,13.4,NA,NA,0.580704,0.134388,NA,NA,NA,NA,NA,NA,NA,3.124478,NA,4.33361194029851,NA,5.557612,NA,7797.615,4.3211,NA,NA,NA,NA,NA,NA,811117,"18.11.2018 13:20",0.580704,0.145796,0.134388,0.063088,"2018","18.11","11",NA,NA
"159",108,"LAE01","Outlet",2018-11-25,15.4,3.531381,NA,0.641556,0.147932,NA,NA,NA,NA,NA,NA,NA,2.99587,NA,4.16594805194805,NA,5.316364,NA,7836.086,4.33683,NA,0.2293105,NA,NA,NA,NA,811118,"25.11.2018 12:35",0.641556,0.16046,0.147932,0.069496,"2018","25.11","11",0.229310454545455,NA
"160",108,"LAE01","Outlet",2018-12-02,12.8,NA,NA,0.576728,0.13242,NA,NA,NA,NA,NA,NA,NA,3.250844,NA,4.5056875,NA,5.663437,NA,7955.747,4.355294,NA,NA,NA,NA,NA,NA,811113,"02.12.2018 13:04",0.576728,0.143928,0.13242,0.061196,"2018","02.12","12",NA,NA
"161",108,"LAE01","Outlet",2018-12-09,14.3,NA,NA,0.601804,0.1396,NA,NA,NA,NA,NA,NA,NA,3.047888,NA,4.20841958041958,NA,5.350769,NA,7865.074,4.310917,NA,NA,NA,NA,NA,NA,866930,"09.12.2018 13:45",0.601804,0.151604,0.1396,0.064604,"2018","09.12","12",NA,NA
"162",108,"LAE01","Outlet",2018-12-15,14.6,NA,NA,0.611804,0.142108,NA,NA,NA,NA,NA,NA,NA,3.037178,NA,4.19043835616438,NA,5.33589,NA,7853.307,4.305204,NA,NA,NA,NA,NA,NA,866929,"15.12.2018 13:19",0.611804,0.154388,0.142108,0.065552,"2018","15.12","12",NA,NA
"163",108,"LAE01","Outlet",2018-12-22,13.8,NA,NA,0.583388,0.136032,NA,NA,NA,NA,NA,NA,NA,3.066841,NA,4.22744927536232,NA,5.409275,NA,7815.186,4.288609,NA,NA,NA,NA,NA,NA,867041,"22.12.2018 14:33",0.583388,0.147696,0.136032,0.062872,"2018","22.12","12",NA,NA
"164",108,"LAE01","Outlet",2018-12-29,13.9,3.752755,NA,0.584928,0.13538,NA,NA,NA,NA,NA,NA,NA,3.047424,NA,4.20811510791367,NA,5.331223,NA,7893.339,4.320638,NA,0.2699824,NA,NA,NA,NA,867031,"29.12.2018 15:48",0.584928,0.147216,0.13538,0.062548,"2018","29.12","12",0.269982374100719,NA
"165",108,"LAE01","Outlet",2019-01-07,13.9,NA,NA,0.593968,0.13842,NA,NA,NA,NA,NA,NA,NA,3.095396,NA,4.27315107913669,NA,5.484029,NA,7791.992,4.291056,NA,NA,NA,NA,NA,NA,866874,"07.01.2019 21:13",0.593968,0.150304,0.13842,0.064344,"2019","07.01","01",NA,NA
"166",108,"LAE01","Outlet",2019-01-14,14.5,NA,NA,0.57604,0.13388,NA,NA,NA,NA,NA,NA,NA,2.879476,NA,3.97268965517241,NA,5.056828,NA,7856.091,4.302659,NA,NA,NA,NA,NA,NA,867044,"14.01.2019 21:13",0.57604,0.145548,0.13388,0.06186,"2019","14.01","01",NA,NA
"167",108,"LAE01","Outlet",2019-01-20,13.4,NA,NA,0.55914,0.12998,NA,NA,NA,NA,NA,NA,NA,3.026925,NA,4.17268656716418,NA,5.317015,NA,7847.799,4.301739,NA,NA,NA,NA,NA,NA,867014,"20.01.2019 13:45",0.55914,0.141196,0.12998,0.060032,"2019","20.01","01",NA,NA
"168",108,"LAE01","Outlet",2019-01-29,13.6,2.24,0.044,0.552808,0.127228,NA,NA,NA,NA,NA,NA,NA,2.938824,NA,4.06476470588235,NA,5.120588,NA,7938.082,4.345018,NA,0.1647059,NA,0.003235294,NA,1.9642857,867045,"29.01.2019 21:18",0.552808,0.138364,0.127228,0.058668,"2019","29.01","01",0.164705882352941,NA
"169",108,"LAE01","Outlet",2019-02-05,14.1,NA,NA,0.561896,0.131624,NA,NA,NA,NA,NA,NA,NA,2.890298,NA,3.9850780141844,NA,5.165106,NA,7715.384,4.268948,NA,NA,NA,NA,NA,NA,866996,"05.02.2019 18:11",0.561896,0.142708,0.131624,0.061628,"2019","05.02","02",NA,NA
"170",108,"LAE01","Outlet",2019-02-11,13.8,NA,NA,0.574872,0.134548,NA,NA,NA,NA,NA,NA,NA,3.024203,NA,4.16573913043478,NA,5.371594,NA,7755.126,4.272616,NA,NA,NA,NA,NA,NA,868081,"11.02.2019 21:02",0.574872,0.146024,0.134548,0.062644,"2019","11.02","02",NA,NA
"171",108,"LAE01","Outlet",2019-02-19,13.5,NA,NA,0.55314,0.1305276,NA,NA,NA,NA,NA,NA,NA,2.986545,NA,4.09733333333333,NA,5.314667,NA,7709.483,4.237724,NA,NA,NA,NA,NA,NA,868072,"19.02.2019 12:30",0.55314,0.141616,0.1305276,0.060792,"2019","19.02","02",NA,NA
"172",108,"LAE01","Outlet",2019-02-27,12.7,3.46,0.019,0.535476,0.1253516,NA,NA,NA,NA,NA,NA,NA,3.05965,NA,4.21634645669291,NA,5.44126,NA,7748.842,4.271792,NA,0.2724409,NA,0.001496063,NA,0.5491329,867305,"27.02.2019 12:10",0.535476,0.136156,0.1253516,0.058616,"2019","27.02","02",0.27244094488189,NA
"173",108,"LAE01","Outlet",2019-03-04,13.8,NA,NA,0.587556,0.1387676,NA,NA,NA,NA,NA,NA,NA,3.10391,NA,4.25765217391304,NA,5.531304,NA,7697.375,4.234101,NA,NA,NA,NA,NA,NA,868629,"04.03.2019 18:10",0.587556,0.150708,0.1387676,0.0646,"2019","04.03","03",NA,NA
"174",108,"LAE01","Outlet",2019-03-11,12.5,NA,NA,0.56658,0.132468,NA,NA,NA,NA,NA,NA,NA,3.30016,NA,4.53264,NA,5.82336,NA,7783.548,4.277108,NA,NA,NA,NA,NA,NA,868183,"11.03.2019 10:30",0.56658,0.143824,0.132468,0.061444,"2019","11.03","03",NA,NA
"175",108,"LAE01","Outlet",2019-03-16,12.3,NA,NA,0.54674,0.128324,NA,NA,NA,NA,NA,NA,NA,3.24335,NA,4.4450406504065,NA,5.750244,NA,7730.178,4.260622,NA,NA,NA,NA,NA,NA,868204,"16.03.2019 14:10",0.54674,0.139272,0.128324,0.05974,"2019","16.03","03",NA,NA
"176",108,"LAE01","Outlet",2019-03-24,11.9,NA,NA,0.539968,0.12704,NA,NA,NA,NA,NA,NA,NA,3.318824,NA,4.5375462184874,NA,5.82958,NA,7783.659,4.250378,NA,NA,NA,NA,NA,NA,868203,"24.03.2019 17:15",0.539968,0.137988,0.12704,0.058412,"2019","24.03","03",NA,NA
"177",108,"LAE01","Outlet",2019-04-01,14.2,3.31,0.023,0.610856,0.142928,NA,NA,NA,NA,NA,NA,NA,3.144254,NA,4.30180281690141,NA,5.463662,NA,7873.479,4.273872,NA,0.2330986,NA,0.001619718,NA,0.694864,868170,"01.04.2019 20:26",0.610856,0.155356,0.142928,0.06514,"2019","01.04","04",0.233098591549296,NA
"178",108,"LAE01","Outlet",2019-04-07,12.8,NA,NA,0.548508,0.135304,NA,NA,NA,NA,NA,NA,NA,3.186719,NA,4.28521875,NA,6.0475,NA,7085.934,4.053893,NA,NA,NA,NA,NA,NA,868175,"07.04.2019 12:39",0.548508,0.146152,0.135304,0.06592,"2019","07.04","04",NA,NA
"179",108,"LAE01","Outlet",2019-04-14,12.3,NA,NA,0.548992,0.13098,NA,NA,NA,NA,NA,NA,NA,3.264195,NA,4.46334959349594,NA,5.900488,NA,7564.374,4.191419,NA,NA,NA,NA,NA,NA,868735,"14.04.2019 11:50",0.548992,0.142032,0.13098,0.061464,"2019","14.04","04",NA,NA
"180",108,"LAE01","Outlet",2019-04-22,10.8,NA,NA,0.4842,0.116836,NA,NA,NA,NA,NA,NA,NA,3.287963,NA,4.48333333333333,NA,6.027037,NA,7438.702,4.144271,NA,NA,NA,NA,NA,NA,868397,"22.04.2019 14:26",0.4842,0.126524,0.116836,0.055352,"2019","22.04","04",NA,NA
"181",108,"LAE01","Outlet",2019-04-29,8.9,2.88,0.019,0.385816,0.090944,NA,NA,NA,NA,NA,NA,NA,3.15173,NA,4.33501123595506,NA,5.684944,NA,7625.425,4.242347,NA,0.3235955,NA,0.002134831,NA,0.6597222,868985,"29.04.2019 21:17",0.385816,0.09862,0.090944,0.042668,"2019","29.04","04",0.323595505617978,NA
"182",108,"LAE01","Outlet",2019-05-05,9.9,NA,NA,0.41682,0.098744,NA,NA,NA,NA,NA,NA,NA,3.025939,NA,4.21030303030303,NA,5.556364,NA,7577.443,4.221219,NA,NA,NA,NA,NA,NA,868987,"05.05.2019 13:45",0.41682,0.107112,0.098744,0.046676,"2019","05.05","05",NA,NA
"183",108,"LAE01","Outlet",2019-05-12,9.4,NA,NA,0.406096,0.098928,NA,NA,NA,NA,NA,NA,NA,3.135528,NA,4.32017021276596,NA,6.051064,NA,7139.522,4.104965,NA,NA,NA,NA,NA,NA,869591,"12.05.2019 14:39",0.406096,0.106904,0.098928,0.048672,"2019","12.05","05",NA,NA
"184",108,"LAE01","Outlet",2019-05-19,8.5,NA,NA,0.405504,0.09596,NA,NA,NA,NA,NA,NA,NA,3.437129,NA,4.77063529411765,NA,6.394824,NA,7460.152,4.225761,NA,NA,NA,NA,NA,NA,868572,"19.05.2019 14:17",0.405504,0.103804,0.09596,0.04628,"2019","19.05","05",NA,NA
"185",108,"LAE01","Outlet",2019-05-21,NA,NA,NA,NA,NA,3.103,0.064,9.23,0.402,0.289,0.095,0.055,NA,3.131094,NA,4.35536294691224,NA,5.95883,NA,NA,4.231579,NA,0.3361863,NA,0.006933911,NA,NA,NA,NA,NA,NA,NA,"2019","21.05","05",NA,0.336186348862405
"186",108,"LAE01","Outlet",2019-05-26,10,3.98,0.077,0.467384,0.111072,NA,NA,NA,NA,NA,NA,NA,3.38864,NA,4.67384,NA,6.2448,NA,7484.371,4.207937,NA,0.398,NA,0.0077,NA,1.9346734,868575,"26.05.2019 13:49",0.467384,0.12034,0.111072,0.053196,"2019","26.05","05",0.398,NA
"187",108,"LAE01","Outlet",2019-06-02,9.2,NA,NA,0.440856,0.104236,NA,NA,NA,NA,NA,NA,NA,3.462696,NA,4.79191304347826,NA,6.381304,NA,7509.3,4.229403,NA,NA,NA,NA,NA,NA,869732,"02.06.2019 14:04",0.440856,0.1128,0.104236,0.04998,"2019","02.06","06",NA,NA
"188",108,"LAE01","Outlet",2019-06-07,NA,NA,NA,NA,NA,3.241,0.08,9.47,0.422,0.303,0.097,0.054,NA,3.199578,NA,4.45617740232312,NA,5.702218,NA,NA,4.350515,NA,0.3422386,NA,0.00844773,NA,NA,NA,NA,NA,NA,NA,"2019","07.06","06",NA,0.342238648363252
"189",108,"LAE01","Outlet",2019-06-09,10,NA,NA,0.46742,0.10928,NA,NA,NA,NA,NA,NA,NA,3.37152,NA,4.6742,NA,6.1264,NA,7629.603,4.277269,NA,NA,NA,NA,NA,NA,869565,"09.06.2019 13:23",0.46742,0.118356,0.10928,0.052024,"2019","09.06","06",NA,NA
"190",108,"LAE01","Outlet",2019-06-16,10.3,NA,NA,0.500544,0.1224964,NA,NA,NA,NA,NA,NA,NA,3.518913,NA,4.85965048543689,NA,6.718447,NA,7233.295,4.086194,NA,NA,NA,NA,NA,NA,869190,"16.06.2019 13:28",0.500544,0.132528,0.1224964,0.058292,"2019","16.06","06",NA,NA
"191",108,"LAE01","Outlet",2019-06-23,10.8,NA,NA,0.485344,0.1195004,NA,NA,NA,NA,NA,NA,NA,3.259815,NA,4.49392592592593,NA,6.245185,NA,7195.825,4.061442,NA,NA,NA,NA,NA,NA,869191,"23.06.2019 13:36",0.485344,0.12912,0.1195004,0.056864,"2019","23.06","06",NA,NA
"192",108,"LAE01","Outlet",2019-06-30,10.7,3.76,0.09,0.504156,0.11586,NA,NA,NA,NA,NA,NA,NA,3.37772,NA,4.71173831775701,NA,5.890467,NA,7998.921,4.351424,NA,0.3514019,NA,0.008411215,NA,2.393617,869185,"30.06.2019 11:59",0.504156,0.126244,0.11586,0.052752,"2019","30.06","06",0.351401869158878,NA
"193",108,"LAE01","Outlet",2019-07-07,10.2,NA,NA,0.433816,0.086612,NA,NA,NA,NA,NA,NA,NA,3.011059,NA,4.25309803921569,NA,4.116471,NA,10331.904,5.008729,NA,NA,NA,NA,NA,NA,869188,"07.07.2019 10:51",0.433816,0.095292,0.086612,0.034428,"2019","07.07","07",NA,NA
"194",108,"LAE01","Outlet",2019-07-15,9.9,NA,NA,0.39546,0.077116,NA,NA,NA,NA,NA,NA,NA,2.801087,NA,3.99454545454545,NA,3.765657,NA,10607.833,5.128119,NA,NA,NA,NA,NA,NA,869189,"15.07.2019 11:35",0.39546,0.0849,0.077116,0.030608,"2019","15.07","07",NA,NA
"195",108,"LAE01","Outlet",2019-07-24,9.8,NA,NA,NA,NA,NA,NA,NA,NA,NA,NA,NA,NA,NA,NA,NA,NA,NA,NA,NA,NA,NA,NA,NA,NA,NA,NA,NA,NA,NA,NA,NA,"2019","24.07","07",NA,NA
"196",108,"LAE01","Outlet",2019-07-28,9.8,3.2,0.1,0.43982,0.099956,NA,NA,NA,NA,NA,NA,NA,3.171551,NA,4.48795918367347,NA,5.737959,NA,7821.525,4.400136,NA,NA,NA,0.010204082,NA,NA,868840,"28.07.2019 12:50",0.43982,0.108268,0.099956,0.04782,"2019","28.07","07",0.326530612244898,NA
"197",14970,"LAE03","Inlet",2016-01-31,9.7,1.331508,0.05000418,0.424784,0.104184,NA,NA,NA,NA,NA,NA,NA,3.241979,NA,4.37921649484536,NA,5.949278,NA,7360.92,4.077248,NA,0.1372689,NA,0.00515507,NA,3.7554541,644265,"31.01.2016 09:51",0.424784,0.11308,0.104184,0.048984,"2016","31.01","01",0.137268865979381,NA
"198",14970,"LAE03","Inlet",2016-02-28,10.4,2.402644,0.05069936,0.458868,0.108232,NA,NA,NA,NA,NA,NA,NA,3.226962,NA,4.41219230769231,NA,5.697308,NA,7744.346,4.23967,NA,0.2310234,NA,0.004874939,NA,2.1101491,644662,"28.02.2016 11:15",0.458868,0.117632,0.108232,0.05004,"2016","28.02","02",0.231023461538462,NA
"199",14970,"LAE03","Inlet",2016-03-28,11.3,4.378204,0.03313728,0.47926,0.113296,NA,NA,NA,NA,NA,NA,NA,3.111363,NA,4.2412389380531,NA,5.454159,NA,7776.155,4.230158,NA,0.3874517,NA,0.002932502,NA,0.7568692,644661,"28.03.2016 12:19",0.47926,0.123036,0.113296,0.051908,"2016","28.03","03",0.387451681415929,NA
"200",14970,"LAE03","Inlet",2016-04-24,8.6,3.996099,0.03076,0.393988,0.094228,NA,NA,NA,NA,NA,NA,NA,3.34814,NA,4.58125581395349,NA,6.049767,NA,7572.615,4.18122,NA,0.4646627,NA,0.003576744,NA,0.7697507,645979,"24.04.2016 14:45",0.393988,0.102056,0.094228,0.044136,"2016","24.04","04",0.464662674418605,NA
"201",14970,"LAE03","Inlet",2016-05-29,11.6,3.506847,0.05290498,0.572484,0.137132,NA,NA,NA,NA,NA,NA,NA,3.606828,NA,4.93520689655172,NA,6.590345,NA,7488.541,4.174693,NA,0.3023144,NA,0.004560774,NA,1.5086196,646299,"29.05.2016 12:15",0.572484,0.148716,0.137132,0.064892,"2016","29.05","05",0.302314396551724,NA
"202",14970,"LAE03","Inlet",2016-06-25,15.1,3.63,0.05800206,0.735604,0.169188,NA,NA,NA,NA,NA,NA,NA,3.544053,NA,4.87154966887417,NA,6.060927,NA,8037.631,4.34785,NA,0.2403974,NA,0.003841196,NA,1.597853,652643,"25.06.2016 13:57",0.735604,0.183844,0.169188,0.0769964,"2016","25.06","06",0.240397350993377,NA
"203",14970,"LAE03","Inlet",2016-07-31,17.8,4.01,0.05989495,0.881548,0.200788,NA,NA,NA,NA,NA,NA,NA,3.581888,NA,4.95251685393258,NA,6.051236,NA,8184.306,4.390442,NA,0.2252809,NA,0.003364885,NA,1.4936397,652855,"31.07.2016 13:30",0.881548,0.218768,0.200788,0.090068,"2016","31.07","07",0.225280898876404,NA
"204",14970,"LAE03","Inlet",2016-08-28,17.6,2.92886,0.05659,0.8604,0.20247,NA,NA,NA,NA,NA,NA,NA,3.580023,NA,4.88863636363636,NA,6.252273,NA,7818.975,4.249518,NA,0.1664125,NA,0.003215341,NA,1.9321511,653222,"28.08.2016 12:53",0.8604,0.219954,0.20247,0.092382,"2016","28.08","08",0.1664125,NA
"205",NA,"","Inlet",2016-09-15,NA,NA,NA,NA,NA,1.84,0.14,15.67,0.675,0.495,0.16,0.088,NA,3.158902,NA,4.30759412890874,NA,5.615826,NA,NA,4.21875,NA,0.1174218,NA,0.008934269,NA,NA,NA,NA,NA,NA,NA,"2016","15.09","09",NA,0.117421825143586
"206",14970,"LAE03","Inlet",2016-09-24,14.8,3.722347,0.1132,0.734124,0.1754946,NA,NA,NA,NA,NA,NA,NA,3.621527,NA,4.9602972972973,NA,6.581757,NA,7536.434,4.183171,NA,0.2515099,NA,0.007648649,NA,3.0410923,654451,"24.09.2016 15:17",0.734124,0.190314,0.1754946,0.082764,"2016","24.09","09",0.251509932432432,NA
"207",14970,"LAE03","Inlet",2016-10-20,17.7,NA,NA,0.779832,0.176232,NA,NA,NA,NA,NA,NA,NA,3.190203,NA,4.40583050847458,NA,5.330169,NA,8265.836,4.425031,NA,NA,NA,NA,NA,NA,655837,"20.10.2016 00:00",0.779832,0.192138,0.176232,0.078858,"2016","20.10","10",NA,NA
"208",108,"LAE01","Outlet",2019-08-04,9,NA,NA,0.410784,0.092632,NA,NA,NA,NA,NA,NA,NA,NA,NA,4.56426666666667,NA,NA,NA,NA,NA,NA,NA,NA,NA,NA,NA,868945,"04.08.2019 10:48",0.410784,0.100296,0.092632,0.043976,"2019","04.08","08",NA,NA
"209",108,"LAE01","Outlet",2019-08-11,9.4,NA,NA,0.410164,0.092708,NA,NA,NA,NA,NA,NA,NA,NA,NA,4.36344680851064,NA,NA,NA,NA,NA,NA,NA,NA,NA,NA,NA,868989,"11.08.2019 14:30",0.410164,0.100456,0.092708,0.044404,"2019","11.08","08",NA,NA
"210",108,"LAE01","Outlet",2019-08-18,11.9,NA,NA,0.497644,0.11196,NA,NA,NA,NA,NA,NA,NA,NA,NA,4.18188235294118,NA,NA,NA,NA,NA,NA,NA,NA,NA,NA,NA,869691,"18.08.2019 11:39",0.497644,0.121392,0.11196,0.052272,"2019","18.08","08",NA,NA
"211",108,"LAE01","Outlet",2019-08-25,13.2,3.4,0.08,0.565168,0.12792,NA,NA,NA,NA,NA,NA,NA,NA,NA,4.28157575757576,NA,NA,NA,NA,NA,NA,NA,NA,NA,NA,NA,869524,"25.08.2019 00:00",0.565168,0.138728,0.12792,0.06042,"2019","25.08","08",0.257575757575758,NA
"212",108,"LAE01","Outlet",2019-09-01,14.5,NA,NA,0.565516,0.129016,NA,NA,NA,NA,NA,NA,NA,NA,NA,3.90011034482759,NA,NA,NA,NA,NA,NA,NA,NA,NA,NA,NA,869714,"01.09.2019 00:00",0.565516,0.139928,0.129016,0.060376,"2019","01.09","09",NA,NA
"213",108,"LAE01","Outlet",2019-09-08,14.8,NA,NA,0.580972,0.131884,NA,NA,NA,NA,NA,NA,NA,NA,NA,3.92548648648649,NA,NA,NA,NA,NA,NA,NA,NA,NA,NA,NA,869715,"08.09.2019 09:51",0.580972,0.143096,0.131884,0.061752,"2019","08.09","09",NA,NA
"214",108,"LAE01","Outlet",2019-09-15,15.6,NA,NA,0.605092,0.140512,NA,NA,NA,NA,NA,NA,NA,NA,NA,3.87879487179487,NA,NA,NA,NA,NA,NA,NA,NA,NA,NA,NA,870398,"15.09.2019 14:58",0.605092,0.1521676,0.140512,0.065676,"2019","15.09","09",NA,NA
"215",108,"LAE01","Outlet",2019-09-22,13.4,NA,NA,0.620572,0.142284,NA,NA,NA,NA,NA,NA,NA,NA,NA,4.63113432835821,NA,NA,NA,NA,NA,NA,NA,NA,NA,NA,NA,869753,"22.09.2019 15:03",0.620572,0.154412,0.142284,0.066696,"2019","22.09","09",NA,NA
"216",108,"LAE01","Outlet",2019-09-29,13.5,4.1,0.12,0.572604,0.134104,NA,NA,NA,NA,NA,NA,NA,NA,NA,4.24151111111111,NA,NA,NA,NA,NA,NA,NA,NA,NA,NA,NA,870882,"29.09.2019 10:50",0.572604,0.145216,0.134104,0.064624,"2019","29.09","09",0.303703703703704,NA
"217",108,"LAE01","Outlet",2019-10-06,13.9,NA,NA,0.6189,0.144172,NA,NA,NA,NA,NA,NA,NA,NA,NA,4.45251798561151,NA,NA,NA,NA,NA,NA,NA,NA,NA,NA,NA,870318,"06.10.2019 11:10",0.6189,0.156352,0.144172,0.06882,"2019","06.10","10",NA,NA
"218",108,"LAE01","Outlet",2019-10-13,14,NA,NA,0.618204,0.144272,NA,NA,NA,NA,NA,NA,NA,NA,NA,4.41574285714286,NA,NA,NA,NA,NA,NA,NA,NA,NA,NA,NA,870549,"13.10.2019 00:00",0.618204,0.1562396,0.144272,0.068072,"2019","13.10","10",NA,NA
"219",108,"LAE01","Outlet",2019-10-20,14.4,NA,NA,0.608584,0.141896,NA,NA,NA,NA,NA,NA,NA,NA,NA,4.22627777777778,NA,NA,NA,NA,NA,NA,NA,NA,NA,NA,NA,870400,"20.10.2019 13:17",0.608584,0.1535756,0.141896,0.067068,"2019","20.10","10",NA,NA
"220",108,"LAE01","Outlet",2019-10-27,15,3.9,0.08,0.6655,0.1539,NA,NA,NA,NA,NA,NA,NA,NA,NA,4.43666666666667,NA,NA,NA,NA,NA,NA,NA,NA,NA,NA,NA,870489,"27.10.2019 12:45",0.6655,0.1668876,0.1539,0.072528,"2019","27.10","10",0.26,NA
"221",108,"LAE01","Outlet",2019-11-03,14.3,NA,NA,0.542756,0.126876,NA,NA,NA,NA,NA,NA,NA,NA,NA,3.7954965034965,NA,NA,NA,NA,NA,NA,NA,NA,NA,NA,NA,870884,"03.11.2019 14:51",0.542756,0.137768,0.126876,0.059348,"2019","03.11","11",NA,NA
"222",108,"LAE01","Outlet",2019-11-10,14.9,NA,NA,0.598104,0.13868,NA,NA,NA,NA,NA,NA,NA,NA,NA,4.01412080536913,NA,NA,NA,NA,NA,NA,NA,NA,NA,NA,NA,870899,"10.11.2019 13:41",0.598104,0.150536,0.13868,0.064948,"2019","10.11","11",NA,NA
"223",108,"LAE01","Outlet",2019-11-17,14.8,NA,NA,0.676548,0.158532,NA,NA,NA,NA,NA,NA,NA,NA,NA,4.57127027027027,NA,NA,NA,NA,NA,NA,NA,NA,NA,NA,NA,871249,"17.11.2019 15:08",0.676548,0.171954,0.158532,0.074784,"2019","17.11","11",NA,NA
"224",108,"LAE01","Outlet",2019-11-25,14.4,3.6,0.06,0.621592,0.145388,NA,NA,NA,NA,NA,NA,NA,NA,NA,4.31661111111111,NA,NA,NA,NA,NA,NA,NA,NA,NA,NA,NA,872066,"25.11.2019 20:50",0.621592,0.15798,0.145388,0.067496,"2019","25.11","11",0.25,NA
"225",108,"LAE01","Outlet",2019-12-02,13.7,NA,NA,0.580192,0.135756,NA,NA,NA,NA,NA,NA,NA,NA,NA,4.23497810218978,NA,NA,NA,NA,NA,NA,NA,NA,NA,NA,NA,874079,"02.12.2019 21:35",0.580192,0.14734,0.135756,0.063132,"2019","02.12","12",NA,NA
"226",108,"LAE01","Outlet",2019-12-09,12.9,NA,NA,0.55498,0.130508,NA,NA,NA,NA,NA,NA,NA,NA,NA,4.30217054263566,NA,NA,NA,NA,NA,NA,NA,NA,NA,NA,NA,874411,"09.12.2019 20:00",0.55498,0.141616,0.130508,0.06036,"2019","09.12","12",NA,NA
"227",108,"LAE01","Outlet",2019-12-16,12.7,NA,NA,0.572956,0.135084,NA,NA,NA,NA,NA,NA,NA,NA,NA,4.51146456692913,NA,NA,NA,NA,NA,NA,NA,NA,NA,NA,NA,874229,"16.12.2019 20:52",0.572956,0.146716,0.135084,0.062576,"2019","16.12","12",NA,NA
"228",108,"LAE01","Outlet",2019-12-22,12.4,NA,NA,0.560348,0.131924,NA,NA,NA,NA,NA,NA,NA,NA,NA,4.51893548387097,NA,NA,NA,NA,NA,NA,NA,NA,NA,NA,NA,874228,"22.12.2019 15:10",0.560348,0.143352,0.131924,0.060752,"2019","22.12","12",NA,NA
"229",108,"LAE01","Outlet",2019-12-28,12.6,3.5,0.08,0.542908,0.128816,NA,NA,NA,NA,NA,NA,NA,NA,NA,4.30879365079365,NA,NA,NA,NA,NA,NA,NA,NA,NA,NA,NA,874222,"28.12.2019 14:51",0.542908,0.139812,0.128816,0.059236,"2019","28.12","12",0.277777777777778,NA
"230",14970,"LAE03","Inlet",2016-10-30,15.5,3,0.06,0.704694,0.159108,NA,NA,NA,NA,NA,NA,NA,NA,NA,4.54641290322581,NA,NA,NA,NA,NA,NA,NA,NA,NA,NA,NA,655934,"30.10.2016 15:11",0.704694,0.173418,0.159108,0.072102,"2016","30.10","10",0.193548387096774,NA
"231",14970,"LAE03","Inlet",2016-11-27,14.5,3.7,0.05,0.601916,0.13698,NA,NA,NA,NA,NA,NA,NA,NA,NA,4.15114482758621,NA,NA,NA,NA,NA,NA,NA,NA,NA,NA,NA,656383,"27.11.2016 15:43",0.601916,0.149248,0.13698,0.061612,"2016","27.11","11",0.255172413793103,NA
"232",14970,"LAE03","Inlet",2016-12-27,11.8,2.6,0.06,0.5438,0.125964,NA,NA,NA,NA,NA,NA,NA,NA,NA,4.60847457627119,NA,NA,NA,NA,NA,NA,NA,NA,NA,NA,NA,656501,"27.12.2016 14:56",0.5438,0.136944,0.125964,0.057648,"2016","27.12","12",0.220338983050847,NA
"233",14970,"LAE03","Inlet",2017-01-25,10.6,NA,NA,0.486536,0.11168,NA,NA,NA,NA,NA,NA,NA,NA,NA,4.58996226415094,NA,NA,NA,NA,NA,NA,NA,NA,NA,NA,NA,656639,"25.01.2017 00:00",0.486536,0.121448,0.11168,0.051432,"2017","25.01","01",NA,NA
"234",14970,"LAE03","Inlet",2017-01-29,10.1,2.5,0.07,0.4832,0.111896,NA,NA,NA,NA,NA,NA,NA,NA,NA,4.78415841584158,NA,NA,NA,NA,NA,NA,NA,NA,NA,NA,NA,656641,"29.01.2017 15:10",0.4832,0.121676,0.111896,0.051392,"2017","29.01","01",0.247524752475248,NA
"235",14970,"LAE03","Inlet",2017-02-25,9.6,2,0.02,0.457688,0.106636,NA,NA,NA,NA,NA,NA,NA,NA,NA,4.76758333333333,NA,NA,NA,NA,NA,NA,NA,NA,NA,NA,NA,657463,"25.02.2017 16:13",0.457688,0.115968,0.106636,0.050292,"2017","25.02","02",0.208333333333333,NA
"236",14970,"LAE03","Inlet",2017-03-25,11.6,2.5,0.08,0.547504,0.128976,NA,NA,NA,NA,NA,NA,NA,NA,NA,4.71986206896552,NA,NA,NA,NA,NA,NA,NA,NA,NA,NA,NA,657142,"25.03.2017 16:05",0.547504,0.13992,0.128976,0.061268,"2017","25.03","03",0.21551724137931,NA
"237",14970,"LAE03","Inlet",2017-04-01,13.2,NA,NA,NA,NA,NA,NA,NA,NA,NA,NA,NA,NA,NA,NA,NA,NA,NA,NA,NA,NA,NA,NA,NA,NA,NA,NA,NA,NA,NA,NA,NA,"2017","01.04","04",NA,NA
"238",14970,"LAE03","Inlet",2017-04-30,11.7,2.4,0.04,0.541364,0.127064,NA,NA,NA,NA,NA,NA,NA,NA,NA,4.62704273504273,NA,NA,NA,NA,NA,NA,NA,NA,NA,NA,NA,657603,"30.04.2017 15:08",0.541364,0.138136,0.127064,0.058228,"2017","30.04","04",0.205128205128205,NA
"239",14970,"LAE03","Inlet",2017-05-28,12.8,3.2,0.08,0.585876,0.1372244,NA,NA,NA,NA,NA,NA,NA,NA,NA,4.57715625,NA,NA,NA,NA,NA,NA,NA,NA,NA,NA,NA,657842,"28.05.2017 14:33",0.585876,0.1490004,0.1372244,0.063744,"2017","28.05","05",0.25,NA
"240",14970,"LAE03","Inlet",2017-06-25,14.7,3.5,0.06,0.689168,0.16136,NA,NA,NA,NA,NA,NA,NA,NA,NA,4.68821768707483,NA,NA,NA,NA,NA,NA,NA,NA,NA,NA,NA,658503,"25.06.2017 13:21",0.689168,0.175304,0.16136,0.073684,"2017","25.06","06",0.238095238095238,NA
"241",14970,"LAE03","Inlet",2017-07-30,20.8,4.5,0.05,0.827552,0.187924,NA,NA,NA,NA,NA,NA,NA,NA,NA,3.97861538461538,NA,NA,NA,NA,NA,NA,NA,NA,NA,NA,NA,658806,"30.07.2017 11:45",0.827552,0.204588,0.187924,0.08442,"2017","30.07","07",0.216346153846154,NA
"242",14970,"LAE03","Inlet",2017-08-26,16.1,3.3,0.06,0.705896,0.16638,NA,NA,NA,NA,NA,NA,NA,NA,NA,4.38444720496894,NA,NA,NA,NA,NA,NA,NA,NA,NA,NA,NA,658914,"26.08.2017 14:55",0.705896,0.180364,0.16638,0.077812,"2017","26.08","08",0.204968944099379,NA
"243",14970,"LAE03","Inlet",2017-09-24,15.5,3.6,0.04,0.705144,0.167264,NA,NA,NA,NA,NA,NA,NA,NA,NA,4.54931612903226,NA,NA,NA,NA,NA,NA,NA,NA,NA,NA,NA,659289,"24.09.2017 15:21",0.705144,0.1815,0.167264,0.07674,"2017","24.09","09",0.232258064516129,NA
"244",14970,"LAE03","Inlet",2017-10-28,13.1,3.7,0.03,0.591108,0.137436,NA,NA,NA,NA,NA,NA,NA,NA,NA,4.5122748091603,NA,NA,NA,NA,NA,NA,NA,NA,NA,NA,NA,659299,"28.10.2017 14:25",0.591108,0.1494,0.137436,0.062612,"2017","28.10","10",0.282442748091603,NA
"245",14970,"LAE03","Inlet",2017-11-26,10.8,2.2,0.03,0.488324,0.116288,NA,NA,NA,NA,NA,NA,NA,NA,NA,4.52151851851852,NA,NA,NA,NA,NA,NA,NA,NA,NA,NA,NA,659666,"26.11.2017 22:54",0.488324,0.126296,0.116288,0.053768,"2017","26.11","11",0.203703703703704,NA
"246",14970,"LAE03","Inlet",2017-12-29,10.2,3.1,0.03,0.499092,0.116992,NA,NA,NA,NA,NA,NA,NA,NA,NA,4.89305882352941,NA,NA,NA,NA,NA,NA,NA,NA,NA,NA,NA,659792,"29.12.2017 12:25",0.499092,0.127176,0.116992,0.053792,"2017","29.12","12",0.303921568627451,NA
"247",14970,"LAE03","Inlet",2018-01-25,10.1,2.2,0.05,0.477492,0.114496,NA,NA,NA,NA,NA,NA,NA,NA,NA,4.72764356435644,NA,NA,NA,NA,NA,NA,NA,NA,NA,NA,NA,659946,"25.01.2018 10:38",0.477492,0.124136,0.114496,0.053848,"2018","25.01","01",0.217821782178218,NA
"248",14970,"LAE03","Inlet",2018-02-24,11.5,2.3,0.02,0.522728,0.124644,NA,NA,NA,NA,NA,NA,NA,NA,NA,4.54546086956522,NA,NA,NA,NA,NA,NA,NA,NA,NA,NA,NA,660639,"24.02.2018 00:00",0.522728,0.135144,0.124644,0.058984,"2018","24.02","02",0.2,NA
"249",14970,"LAE03","Inlet",2018-03-24,11.3,2.7,0.02,0.517676,0.1249,NA,NA,NA,NA,NA,NA,NA,NA,NA,4.58120353982301,NA,NA,NA,NA,NA,NA,NA,NA,NA,NA,NA,660840,"24.03.2018 11:30",0.517676,0.1353,0.1249,0.060032,"2018","24.03","03",0.238938053097345,NA
"250",14970,"LAE03","Inlet",2018-04-30,7.3,2.9,0.01,0.36382,0.086836,NA,NA,NA,NA,NA,NA,NA,NA,NA,4.98383561643836,NA,NA,NA,NA,NA,NA,NA,NA,NA,NA,NA,661059,"30.04.2018 19:57",0.36382,0.094204,0.086836,0.041196,"2018","30.04","04",0.397260273972603,NA
"251",14970,"LAE03","Inlet",2018-05-27,11.1,3,0.08,0.552654,0.129862,NA,NA,NA,NA,NA,NA,NA,NA,NA,4.97886486486486,NA,NA,NA,NA,NA,NA,NA,NA,NA,NA,NA,661361,"27.05.2018 16:47",0.552654,0.1410282,0.129862,0.060432,"2018","27.05","05",0.27027027027027,NA
"252",14970,"LAE03","Inlet",2018-06-24,12.8,2.2,0.07,0.524246,0.11582,NA,NA,NA,NA,NA,NA,NA,NA,NA,4.095671875,NA,NA,NA,NA,NA,NA,NA,NA,NA,NA,NA,661359,"24.06.2018 13:34",0.524246,0.1263642,0.11582,0.050948,"2018","24.06","06",0.171875,NA
"253",14970,"LAE03","Inlet",2018-08-26,20.2,3.1,0.09,0.755712,0.16862,NA,NA,NA,NA,NA,NA,NA,NA,NA,3.74114851485149,NA,NA,NA,NA,NA,NA,NA,NA,NA,NA,NA,661623,"26.08.2018 13:33",0.755712,0.183756,0.16862,0.07554,"2018","26.08","08",0.153465346534653,NA
"254",14970,"LAE03","Inlet",2018-09-29,17.5,2.7,0.07,0.759372,0.174372,NA,NA,NA,NA,NA,NA,NA,NA,NA,4.33926857142857,NA,NA,NA,NA,NA,NA,NA,NA,NA,NA,NA,667700,"29.09.2018 14:24",0.759372,0.189768,0.174372,0.078576,"2018","29.09","09",0.154285714285714,NA
"255",14970,"LAE03","Inlet",2018-11-01,16.9,2.9,0.02,0.67274,0.154332,NA,NA,NA,NA,NA,NA,NA,NA,NA,3.9807100591716,NA,NA,NA,NA,NA,NA,NA,NA,NA,NA,NA,706963,"01.11.2018 14:16",0.67274,0.168072,0.154332,0.068996,"2018","01.11","11",0.171597633136095,NA
"256",14970,"LAE03","Inlet",2018-11-25,11.7,2,0.03,0.493016,0.113652,NA,NA,NA,NA,NA,NA,NA,NA,NA,4.21381196581197,NA,NA,NA,NA,NA,NA,NA,NA,NA,NA,NA,811119,"25.11.2018 14:28",0.493016,0.1237,0.113652,0.051692,"2018","25.11","11",0.170940170940171,NA
"257",14970,"LAE03","Inlet",2018-12-29,10.9,2.3,0.02,0.470112,0.11038,NA,NA,NA,NA,NA,NA,NA,NA,NA,4.31295412844037,NA,NA,NA,NA,NA,NA,NA,NA,NA,NA,NA,867032,"29.12.2018 15:57",0.470112,0.12,0.11038,0.05112,"2018","29.12","12",0.211009174311927,NA
"258",14970,"LAE03","Inlet",2019-01-29,11.6,2.2,0.04,0.482104,0.110944,NA,NA,NA,NA,NA,NA,NA,NA,NA,4.15606896551724,NA,NA,NA,NA,NA,NA,NA,NA,NA,NA,NA,866988,"29.01.2019 20:49",0.482104,0.120816,0.110944,0.05038,"2019","29.01","01",0.189655172413793,NA
"259",14970,"LAE03","Inlet",2019-02-27,13.1,3.5,0.02,0.562328,0.1294916,NA,NA,NA,NA,NA,NA,NA,NA,NA,4.29258015267176,NA,NA,NA,NA,NA,NA,NA,NA,NA,NA,NA,867306,"27.02.2019 12:19",0.562328,0.14106,0.1294916,0.058584,"2019","27.02","02",0.267175572519084,NA
"260",14970,"LAE03","Inlet",2019-04-01,13.6,3.3,0.02,0.543412,0.126008,NA,NA,NA,NA,NA,NA,NA,NA,NA,3.99567647058824,NA,NA,NA,NA,NA,NA,NA,NA,NA,NA,NA,868176,"01.04.2019 20:36",0.543412,0.137148,0.126008,0.056972,"2019","01.04","04",0.242647058823529,NA
"261",14970,"LAE03","Inlet",2019-04-29,7.5,2.9,0.02,0.3508716,0.084488,NA,NA,NA,NA,NA,NA,NA,NA,NA,4.678288,NA,NA,NA,NA,NA,NA,NA,NA,NA,NA,NA,868731,"29.04.2019 21:32",0.3508716,0.091608,0.084488,0.040108,"2019","29.04","04",0.386666666666667,NA
"262",14970,"LAE03","Inlet",2019-05-21,11.7,NA,NA,NA,NA,NA,NA,NA,NA,NA,NA,NA,NA,NA,NA,NA,NA,NA,NA,NA,NA,NA,NA,NA,NA,NA,NA,NA,NA,NA,NA,NA,"2019","21.05","05",NA,NA
"263",14970,"LAE03","Inlet",2019-05-26,12.8,4,0.08,0.59448,0.142876,NA,NA,NA,NA,NA,NA,NA,NA,NA,4.644375,NA,NA,NA,NA,NA,NA,NA,NA,NA,NA,NA,868576,"26.05.2019 15:54",0.59448,0.15508,0.142876,0.066308,"2019","26.05","05",0.3125,NA
"264",14970,"LAE03","Inlet",2019-06-07,18,NA,NA,NA,NA,NA,NA,NA,NA,NA,NA,NA,NA,NA,NA,NA,NA,NA,NA,NA,NA,NA,NA,NA,NA,NA,NA,NA,NA,NA,NA,NA,"2019","07.06","06",NA,NA
"265",14970,"LAE03","Inlet",2019-06-30,15.3,3.8,0.09,0.718364,0.155924,NA,NA,NA,NA,NA,NA,NA,NA,NA,4.69518954248366,NA,NA,NA,NA,NA,NA,NA,NA,NA,NA,NA,869187,"30.06.2019 14:26",0.718364,0.170772,0.155924,0.064428,"2019","30.06","06",0.248366013071895,NA
"266",14970,"LAE03","Inlet",2019-07-24,21,NA,NA,NA,NA,NA,NA,NA,NA,NA,NA,NA,NA,NA,NA,NA,NA,NA,NA,NA,NA,NA,NA,NA,NA,NA,NA,NA,NA,NA,NA,NA,"2019","24.07","07",NA,NA
"267",14970,"LAE03","Inlet",2019-07-28,19.4,3.5,0.1,0.757596,0.17426,NA,NA,NA,NA,NA,NA,NA,NA,NA,3.90513402061856,NA,NA,NA,NA,NA,NA,NA,NA,NA,NA,NA,868841,"28.07.2019 14:49",0.757596,0.189596,0.17426,0.078888,"2019","28.07","07",0.180412371134021,NA
"268",14970,"LAE03","Inlet",2019-08-25,19.3,3.4,0.04,0.82802,0.192136,NA,NA,NA,NA,NA,NA,NA,NA,NA,4.29025906735751,NA,NA,NA,NA,NA,NA,NA,NA,NA,NA,NA,869526,"25.08.2019 00:00",0.82802,0.208848,0.192136,0.086892,"2019","25.08","08",0.176165803108808,NA
"269",14970,"LAE03","Inlet",2019-09-29,19.8,4.4,0.07,0.81262,0.189804,NA,NA,NA,NA,NA,NA,NA,NA,NA,4.10414141414141,NA,NA,NA,NA,NA,NA,NA,NA,NA,NA,NA,874162,"29.09.2019 12:41",0.81262,0.206452,0.189804,0.08666,"2019","29.09","09",0.222222222222222,NA
"270",14970,"LAE03","Inlet",2019-10-27,15.3,3.2,0.06,0.651668,0.151604,NA,NA,NA,NA,NA,NA,NA,NA,NA,4.25926797385621,NA,NA,NA,NA,NA,NA,NA,NA,NA,NA,NA,871541,"27.10.2019 14:28",0.651668,0.1647916,0.151604,0.069432,"2019","27.10","10",0.209150326797386,NA
"271",14970,"LAE03","Inlet",2019-11-25,12.8,2.6,0.05,0.529424,0.124436,NA,NA,NA,NA,NA,NA,NA,NA,NA,4.136125,NA,NA,NA,NA,NA,NA,NA,NA,NA,NA,NA,871759,"25.11.2019 21:00",0.529424,0.135212,0.124436,0.056636,"2019","25.11","11",0.203125,NA
"272",14970,"LAE03","Inlet",2019-12-28,11.8,2.3,0.08,0.526112,0.12438,NA,NA,NA,NA,NA,NA,NA,NA,NA,4.45857627118644,NA,NA,NA,NA,NA,NA,NA,NA,NA,NA,NA,871830,"28.12.2019 14:58",0.526112,0.135128,0.12438,0.057264,"2019","28.12","12",0.194915254237288,NA
"273",NA,"","Inlet",2016-09-15,NA,NA,NA,NA,NA,2.85,0.13,15.47,0.675,1.175,0.16,0.088,NA,NA,NA,4.36328377504848,NA,NA,NA,NA,NA,NA,NA,NA,NA,NA,NA,NA,NA,NA,NA,NA,"2016","15.09","09",NA,0.184227537168714
"274",NA,"","Inlet",2017-01-25,NA,NA,NA,NA,NA,1.53,0.13,10.22,0.749,1.289,0.177,0.097,NA,NA,NA,7.32876712328767,NA,NA,NA,NA,NA,NA,NA,NA,NA,NA,NA,NA,NA,NA,NA,NA,"2017","25.01","01",NA,0.149706457925636
"275",NA,"","Inlet",2017-09-22,NA,NA,NA,NA,NA,NA,NA,18,0.723,NA,0.169,0.091,NA,NA,NA,4.01666666666667,NA,NA,NA,NA,NA,NA,NA,NA,NA,NA,NA,NA,NA,NA,NA,NA,"2017","22.09","09",NA,NA
"276",NA,"","Inlet",2017-04-01,NA,NA,NA,NA,NA,NA,NA,16,0.615,NA,0.143,0.077,NA,NA,NA,3.84375,NA,NA,NA,NA,NA,NA,NA,NA,NA,NA,NA,NA,NA,NA,NA,NA,"2017","01.04","04",NA,NA
"277",NA,"","Inlet",2017-06-06,NA,NA,NA,NA,NA,NA,NA,11.22,0.743,NA,0.176,0.095,NA,NA,NA,6.62210338680927,NA,NA,NA,NA,NA,NA,NA,NA,NA,NA,NA,NA,NA,NA,NA,NA,"2017","06.06","06",NA,NA
"278",NA,"","Inlet",2018-05-29,NA,NA,NA,NA,NA,3,NA,11.41,0.561,0.410666667,0.128,0.079,NA,NA,NA,4.91673970201578,NA,NA,NA,NA,NA,NA,NA,NA,NA,NA,NA,NA,NA,NA,NA,NA,"2018","29.05","05",NA,0.262927256792287
"279",NA,"","Inlet",2018-09-20,NA,NA,NA,NA,NA,4.5,NA,18,0.731,0.529,0.159,0.082,NA,NA,NA,4.06111111111111,NA,NA,NA,NA,NA,NA,NA,NA,NA,NA,NA,NA,NA,NA,NA,NA,"2018","20.09","09",NA,0.25
"280",NA,"","Inlet",2018-10-17,NA,NA,NA,NA,NA,3.4,NA,15.4,0.707,0.515,0.162,0.087,NA,NA,NA,4.59090909090909,NA,NA,NA,NA,NA,NA,NA,NA,NA,NA,NA,NA,NA,NA,NA,NA,"2018","17.10","10",NA,0.220779220779221
"281",NA,"","Inlet",2019-05-21,NA,NA,NA,NA,NA,3.817,0.052,12.57,0.601,0.443,0.142,0.077,NA,NA,NA,4.78122513922037,NA,NA,NA,NA,NA,NA,NA,NA,NA,NA,NA,NA,NA,NA,NA,NA,"2019","21.05","05",NA,0.303659506762132
"282",NA,"","Inlet",2019-06-07,NA,NA,NA,NA,NA,5.693,0.069,16.2,0.734,0.54,0.17,0.091,NA,NA,NA,4.53086419753086,NA,NA,NA,NA,NA,NA,NA,NA,NA,NA,NA,NA,NA,NA,NA,NA,"2019","07.06","06",NA,0.35141975308642
"283",108,"LAE01","Outlet",2020-01-06,12.3,NA,NA,NA,NA,NA,NA,NA,NA,NA,NA,NA,NA,NA,4.3770081300813,NA,NA,NA,NA,NA,NA,NA,NA,NA,NA,NA,874237,"06.01.2020 21:20",0.538372,0.139364,0.12832,0.05936,"2020","06.01","01",NA,NA
"284",108,"LAE01","Outlet",2020-01-13,12.6,NA,NA,NA,NA,NA,NA,NA,NA,NA,NA,NA,NA,NA,4.51695238095238,NA,NA,NA,NA,NA,NA,NA,NA,NA,NA,NA,874412,"13.01.2020 20:55",0.569136,0.147108,0.135444,0.062476,"2020","13.01","01",NA,NA
"285",108,"LAE01","Outlet",2020-01-20,12.9,NA,NA,NA,NA,NA,NA,NA,NA,NA,NA,NA,NA,NA,4.15336434108527,NA,NA,NA,NA,NA,NA,NA,NA,NA,NA,NA,874919,"20.01.2020 19:48",0.535784,0.139196,0.128196,0.058964,"2020","20.01","01",NA,NA
"286",108,"LAE01","Outlet",2020-01-28,13.2,2.6,NA,NA,NA,NA,NA,NA,NA,NA,NA,NA,NA,NA,4.18333333333333,NA,NA,NA,NA,NA,NA,NA,NA,NA,NA,NA,874414,"28.01.2020 16:18",0.5522,0.143136,0.131716,0.059912,"2020","28.01","01",0.196969696969697,NA
"287",108,"LAE01","Outlet",2020-02-02,12.7,NA,NA,NA,NA,NA,NA,NA,NA,NA,NA,NA,NA,NA,4.09927559055118,NA,NA,NA,NA,NA,NA,NA,NA,NA,NA,NA,874413,"02.02.2020 13:40",0.520608,0.134276,0.123712,0.056604,"2020","02.02","02",NA,NA
"288",108,"LAE01","Outlet",2020-02-11,12.5,NA,NA,NA,NA,NA,NA,NA,NA,NA,NA,NA,NA,NA,4.551584,NA,NA,NA,NA,NA,NA,NA,NA,NA,NA,NA,875200,"11.02.2020 21:20",0.568948,0.146632,0.135096,0.06188,"2020","11.02","02",NA,NA
"289",108,"LAE01","Outlet",2020-02-18,11.7,NA,NA,NA,NA,NA,NA,NA,NA,NA,NA,NA,NA,NA,4.66738461538462,NA,NA,NA,NA,NA,NA,NA,NA,NA,NA,NA,874304,"18.02.2020 17:00",0.546084,0.1403,0.129232,0.058936,"2020","18.02","02",NA,NA
"290",108,"LAE01","Outlet",2020-02-24,12.2,2.6,NA,NA,NA,NA,NA,NA,NA,NA,NA,NA,NA,NA,4.58219672131148,NA,NA,NA,NA,NA,NA,NA,NA,NA,NA,NA,874920,"24.02.2020 17:15",0.559028,0.143748,0.1323,0.060396,"2020","24.02","02",0.213114754098361,NA
"291",108,"LAE01","Outlet",2020-03-02,12.1,NA,NA,NA,NA,NA,NA,NA,NA,NA,NA,NA,NA,NA,4.32796694214876,NA,NA,NA,NA,NA,NA,NA,NA,NA,NA,NA,874301,"02.03.2020 19:10",0.523684,0.13564,0.124924,0.057312,"2020","02.03","03",NA,NA
"292",108,"LAE01","Outlet",2020-03-08,11.8,NA,NA,NA,NA,NA,NA,NA,NA,NA,NA,NA,NA,NA,4.33708474576271,NA,NA,NA,NA,NA,NA,NA,NA,NA,NA,NA,874979,"08.03.2020 14:00",0.511776,0.133076,0.122668,0.056588,"2020","08.03","03",NA,NA
"293",108,"LAE01","Outlet",2020-03-15,11.7,NA,NA,NA,NA,NA,NA,NA,NA,NA,NA,NA,NA,NA,4.4028717948718,NA,NA,NA,NA,NA,NA,NA,NA,NA,NA,NA,874922,"15.03.2020 16:00",0.515136,0.134944,0.124364,0.05822,"2020","15.03","03",NA,NA
"294",108,"LAE01","Outlet",2020-03-22,11.8,NA,NA,NA,NA,NA,NA,NA,NA,NA,NA,NA,NA,NA,4.25528813559322,NA,NA,NA,NA,NA,NA,NA,NA,NA,NA,NA,874759,"22.03.2020 14:30",0.502124,0.13068,0.120364,0.056144,"2020","22.03","03",NA,NA
"295",108,"LAE01","Outlet",2020-03-30,12.4,3.02,NA,NA,NA,NA,NA,NA,NA,NA,NA,NA,NA,NA,4.36377419354839,NA,NA,NA,NA,NA,NA,NA,NA,NA,NA,NA,875181,"30.03.2020 16:45",0.541108,0.141556,0.130404,0.06104,"2020","30.03","03",0.243548387096774,NA
"296",108,"LAE01","Outlet",2020-04-04,11.4,NA,NA,NA,NA,NA,NA,NA,NA,NA,NA,NA,NA,NA,4.55582456140351,NA,NA,NA,NA,NA,NA,NA,NA,NA,NA,NA,874959,"04.04.2020 13:22",0.519364,0.134644,0.124148,0.058444,"2020","04.04","04",NA,NA
"297",108,"LAE01","Outlet",2020-04-14,12.2,NA,NA,NA,NA,NA,NA,NA,NA,NA,NA,NA,NA,NA,4.13062295081967,NA,NA,NA,NA,NA,NA,NA,NA,NA,NA,NA,874665,"14.04.2020 20:45",0.503936,0.13058,0.120232,0.055232,"2020","14.04","04",NA,NA
"298",108,"LAE01","Outlet",2020-04-20,10.8,NA,NA,NA,NA,NA,NA,NA,NA,NA,NA,NA,NA,NA,4.54633333333333,NA,NA,NA,NA,NA,NA,NA,NA,NA,NA,NA,874664,"20.04.2020 19:00",0.491004,0.126424,0.116372,0.053832,"2020","20.04","04",NA,NA
"299",108,"LAE01","Outlet",2020-04-28,8.8,2.6,NA,NA,NA,NA,NA,NA,NA,NA,NA,NA,NA,NA,4.54054545454545,NA,NA,NA,NA,NA,NA,NA,NA,NA,NA,NA,874904,"28.04.2020 19:33",0.399568,0.101016,0.092948,0.042884,"2020","28.04","04",0.295454545454545,NA
"300",108,"LAE01","Outlet",2020-05-05,9.1,NA,NA,NA,NA,NA,NA,NA,NA,NA,NA,NA,NA,NA,4.27914285714286,NA,NA,NA,NA,NA,NA,NA,NA,NA,NA,NA,875529,"05.05.2020 20:00",0.389402,0.099882,0.092016,0.042808,"2020","05.05","05",NA,NA
"301",108,"LAE01","Outlet",2020-05-11,8,NA,NA,NA,NA,NA,NA,NA,NA,NA,NA,NA,NA,NA,4.4073,NA,NA,NA,NA,NA,NA,NA,NA,NA,NA,NA,875530,"11.05.2020 16:06",0.352584,0.091232,0.084052,0.039728,"2020","11.05","05",NA,NA
"302",108,"LAE01","Outlet",2020-05-19,11.6,NA,NA,NA,NA,NA,NA,NA,NA,NA,NA,NA,NA,NA,3.74889655172414,NA,NA,NA,NA,NA,NA,NA,NA,NA,NA,NA,875531,"19.05.2020 14:39",0.434872,0.11164,0.102908,0.048812,"2020","19.05","05",NA,NA
"303",108,"LAE01","Outlet",2020-05-25,8.6,NA,NA,NA,NA,NA,NA,NA,NA,NA,NA,NA,NA,NA,4.46060465116279,NA,NA,NA,NA,NA,NA,NA,NA,NA,NA,NA,875760,"25.05.2020 14:19",0.383612,0.099344,0.091808,0.043924,"2020","25.05","05",NA,NA
"304",108,"LAE01","Outlet",2020-05-31,8.4,3.26,NA,NA,NA,NA,NA,NA,NA,NA,NA,NA,NA,NA,4.65542857142857,NA,NA,NA,NA,NA,NA,NA,NA,NA,NA,NA,875666,"31.05.2020 12:40",0.391056,0.099628,0.092148,0.044832,"2020","31.05","05",0.388095238095238,NA
"305",108,"LAE01","Outlet",2020-06-08,9,NA,NA,NA,NA,NA,NA,NA,NA,NA,NA,NA,NA,NA,4.23417777777778,NA,NA,NA,NA,NA,NA,NA,NA,NA,NA,NA,875819,"08.06.2020 17:56",0.381076,0.09358,0.086282,0.0405,"2020","08.06","06",NA,NA
"306",108,"LAE01","Outlet",2020-06-14,9.4,NA,NA,NA,NA,NA,NA,NA,NA,NA,NA,NA,NA,NA,4.31808510638298,NA,NA,NA,NA,NA,NA,NA,NA,NA,NA,NA,875781,"14.06.2020 12:12",0.4059,0.098272,0.090432,0.042244,"2020","14.06","06",NA,NA
"307",108,"LAE01","Outlet",2020-06-22,9,NA,NA,NA,NA,NA,NA,NA,NA,NA,NA,NA,NA,NA,3.8728,NA,NA,NA,NA,NA,NA,NA,NA,NA,NA,NA,875671,"22.06.2020 18:04",0.348552,0.083788,0.076768,0.03532,"2020","22.06","06",NA,NA
"308",108,"LAE01","Outlet",2020-06-29,10.5,3,NA,NA,NA,NA,NA,NA,NA,NA,NA,NA,NA,NA,3.83535238095238,NA,NA,NA,NA,NA,NA,NA,NA,NA,NA,NA,875639,"29.06.2020 10:56",0.402712,0.097116,0.089316,0.040664,"2020","29.06","06",0.285714285714286,NA
"309",108,"LAE01","Outlet",2020-07-05,12,NA,NA,NA,NA,NA,NA,NA,NA,NA,NA,NA,NA,NA,3.67273333333333,NA,NA,NA,NA,NA,NA,NA,NA,NA,NA,NA,875785,"05.07.2020 16:02",0.440728,0.108936,0.10022,0.04624,"2020","05.07","07",NA,NA
"310",108,"LAE01","Outlet",2020-07-12,12.3,NA,NA,NA,NA,NA,NA,NA,NA,NA,NA,NA,NA,NA,4.20738211382114,NA,NA,NA,NA,NA,NA,NA,NA,NA,NA,NA,875701,"12.07.2020 14:17",0.517508,0.128316,0.118196,0.055044,"2020","12.07","07",NA,NA
"311",108,"LAE01","Outlet",2020-07-19,11.3,NA,NA,NA,NA,NA,NA,NA,NA,NA,NA,NA,NA,NA,NA,NA,NA,NA,NA,NA,NA,NA,NA,NA,NA,NA,NA,NA,NA,NA,NA,NA,"2020","19.07","07",NA,NA
"312",108,"LAE01","Outlet",2020-07-25,11.4,3.01,NA,NA,NA,NA,NA,NA,NA,NA,NA,NA,NA,NA,3.71712280701754,NA,NA,NA,NA,NA,NA,NA,NA,NA,NA,NA,875703,"25.07.2020 10:22",0.423752,0.104532,0.096296,0.0452,"2020","25.07","07",0.264035087719298,NA
"313",108,"LAE01","Outlet",2020-08-03,13.2,NA,NA,NA,NA,NA,NA,NA,NA,NA,NA,NA,NA,NA,3.81475757575758,NA,NA,NA,NA,NA,NA,NA,NA,NA,NA,NA,875702,"03.08.2020 11:10",0.503548,0.125436,0.115404,0.05412,"2020","03.08","08",NA,NA
"314",108,"LAE01","Outlet",2020-08-09,13,NA,NA,NA,NA,NA,NA,NA,NA,NA,NA,NA,NA,NA,3.85667692307692,NA,NA,NA,NA,NA,NA,NA,NA,NA,NA,NA,876039,"09.08.2020 16:00",0.501368,0.130004,0.1201356,0.057604,"2020","09.08","08",NA,NA
"315",108,"LAE01","Outlet",2020-08-17,11.2,NA,NA,NA,NA,NA,NA,NA,NA,NA,NA,NA,NA,NA,4.38396428571429,NA,NA,NA,NA,NA,NA,NA,NA,NA,NA,NA,876207,"17.08.2020 16:45",0.491004,0.1231,0.1136516,0.054112,"2020","17.08","08",NA,NA
"316",108,"LAE01","Outlet",2020-08-22,12.1,NA,NA,NA,NA,NA,NA,NA,NA,NA,NA,NA,NA,NA,4.39705289256198,NA,NA,NA,NA,NA,NA,NA,NA,NA,NA,NA,876216,"22.08.2020 17:22",0.5320434,0.132612,0.122328,0.057546,"2020","22.08","08",NA,NA
"317",108,"LAE01","Outlet",2020-08-29,13.4,3.52,NA,NA,NA,NA,NA,NA,NA,NA,NA,NA,NA,NA,4.33262686567164,NA,NA,NA,NA,NA,NA,NA,NA,NA,NA,NA,876220,"29.08.2020 12:47",0.580572,0.144264,0.133224,0.063108,"2020","29.08","08",0.262686567164179,NA
"318",108,"LAE01","Outlet",2020-09-05,12.3,NA,NA,NA,NA,NA,NA,NA,NA,NA,NA,NA,NA,NA,4.24307317073171,NA,NA,NA,NA,NA,NA,NA,NA,NA,NA,NA,876210,"05.09.2020 15:51",0.521898,0.128394,0.118602,0.056484,"2020","05.09","09",NA,NA
"319",108,"LAE01","Outlet",2020-09-13,11.6,NA,NA,NA,NA,NA,NA,NA,NA,NA,NA,NA,NA,NA,4.63793103448276,NA,NA,NA,NA,NA,NA,NA,NA,NA,NA,NA,876247,"13.09.2020 12:25",0.538,0.133496,0.123284,0.058476,"2020","13.09","09",NA,NA
"320",108,"LAE01","Outlet",2020-09-20,11.5,NA,NA,NA,NA,NA,NA,NA,NA,NA,NA,NA,NA,NA,4.56845217391304,NA,NA,NA,NA,NA,NA,NA,NA,NA,NA,NA,876256,"20.09.2020 11:29",0.525372,0.131028,0.121064,0.058284,"2020","20.09","09",NA,NA
"321",108,"LAE01","Outlet",2020-09-27,12,3.55,NA,NA,NA,NA,NA,NA,NA,NA,NA,NA,NA,NA,4.36816666666667,NA,NA,NA,NA,NA,NA,NA,NA,NA,NA,NA,876257,"27.09.2020 10:58",0.52418,0.132192,0.122136,0.058312,"2020","27.09","09",0.295833333333333,NA
"322",108,"LAE01","Outlet",2020-10-04,12.6,NA,NA,NA,NA,NA,NA,NA,NA,NA,NA,NA,NA,NA,4.63006349206349,NA,NA,NA,NA,NA,NA,NA,NA,NA,NA,NA,876802,"04.10.2020 08:48",0.583388,0.150064,0.13872,0.067056,"2020","04.10","10",NA,NA
"323",108,"LAE01","Outlet",2020-10-12,13.2,NA,NA,NA,NA,NA,NA,NA,NA,NA,NA,NA,NA,NA,4.69606060606061,NA,NA,NA,NA,NA,NA,NA,NA,NA,NA,NA,876625,"12.10.2020 10:56",0.61988,0.157048,0.144712,0.06802,"2020","12.10","10",NA,NA
"324",108,"LAE01","Outlet",2020-10-18,13.1,NA,NA,NA,NA,NA,NA,NA,NA,NA,NA,NA,NA,NA,4.51071755725191,NA,NA,NA,NA,NA,NA,NA,NA,NA,NA,NA,876872,"18.10.2020 13:32",0.590904,0.149592,0.137976,0.065208,"2020","18.10","10",NA,NA
"325",108,"LAE01","Outlet",2020-10-25,13,4.2,NA,NA,NA,NA,NA,NA,NA,NA,NA,NA,NA,NA,4.52532307692308,NA,NA,NA,NA,NA,NA,NA,NA,NA,NA,NA,876692,"25.10.2020 15:47",0.588292,0.14788,0.136388,0.064144,"2020","25.10","10",0.323076923076923,NA
"326",108,"LAE01","Outlet",2020-11-01,12.2,NA,NA,NA,NA,NA,NA,NA,NA,NA,NA,NA,NA,NA,4.65993442622951,NA,NA,NA,NA,NA,NA,NA,NA,NA,NA,NA,877032,"01.11.2020 15:16",0.568512,0.14582,0.1345356,0.063636,"2020","01.11","11",NA,NA
"327",108,"LAE01","Outlet",2020-11-08,11.8,NA,NA,NA,NA,NA,NA,NA,NA,NA,NA,NA,NA,NA,4.95045762711864,NA,NA,NA,NA,NA,NA,NA,NA,NA,NA,NA,876930,"08.11.2020 00:00",0.584154,0.149232,0.137718,0.064506,"2020","08.11","11",NA,NA
"328",108,"LAE01","Outlet",2020-11-14,12.1,NA,NA,NA,NA,NA,NA,NA,NA,NA,NA,NA,NA,NA,4.39214876033058,NA,NA,NA,NA,NA,NA,NA,NA,NA,NA,NA,877044,"14.11.2020 14:45",0.53145,0.13605,0.125598,0.059166,"2020","14.11","11",NA,NA
"329",108,"LAE01","Outlet",2020-11-22,11.7,NA,NA,NA,NA,NA,NA,NA,NA,NA,NA,NA,NA,NA,4.37408547008547,NA,NA,NA,NA,NA,NA,NA,NA,NA,NA,NA,877319,"22.11.2020 14:36",0.511768,0.130616,0.1205596,0.056856,"2020","22.11","11",NA,NA
"330",108,"LAE01","Outlet",2020-11-29,13,4.7,NA,NA,NA,NA,NA,NA,NA,NA,NA,NA,NA,NA,4.73627692307692,NA,NA,NA,NA,NA,NA,NA,NA,NA,NA,NA,877176,"29.11.2020 13:40",0.615716,0.156548,0.1443716,0.068052,"2020","29.11","11",0.361538461538462,NA
"331",108,"LAE01","Outlet",2020-12-07,12.1,NA,NA,NA,NA,NA,NA,NA,NA,NA,NA,NA,NA,NA,4.93970247933884,NA,NA,NA,NA,NA,NA,NA,NA,NA,NA,NA,877235,"07.12.2020 20:20",0.597704,0.152172,0.1404356,0.066752,"2020","07.12","12",NA,NA
"332",108,"LAE01","Outlet",2020-12-15,11.6,NA,NA,NA,NA,NA,NA,NA,NA,NA,NA,NA,NA,NA,4.87465517241379,NA,NA,NA,NA,NA,NA,NA,NA,NA,NA,NA,877360,"15.12.2020 20:20",0.56546,0.144792,0.133508,0.062452,"2020","15.12","12",NA,NA
"333",108,"LAE01","Outlet",2020-12-20,11.6,NA,NA,NA,NA,NA,NA,NA,NA,NA,NA,NA,NA,NA,4.65727586206896,NA,NA,NA,NA,NA,NA,NA,NA,NA,NA,NA,877383,"20.12.2020 17:45",0.540244,0.138404,0.127504,0.059336,"2020","20.12","12",NA,NA
"334",108,"LAE01","Outlet",2020-12-30,10.6,3.43,NA,NA,NA,NA,NA,NA,NA,NA,NA,NA,NA,NA,4.5642641509434,NA,NA,NA,NA,NA,NA,NA,NA,NA,NA,NA,877381,"30.12.2020 00:00",0.483812,0.125084,0.11518,0.053816,"2020","30.12","12",0.323584905660377,NA
"335",108,"LAE01","Outlet",2021-01-04,10.1,NA,NA,NA,NA,NA,NA,NA,NA,NA,NA,NA,NA,NA,4.96174257425743,NA,NA,NA,NA,NA,NA,NA,NA,NA,NA,NA,877382,"04.01.2021 00:00",0.501136,0.129944,0.11976,0.055692,"2021","04.01","01",NA,NA
"336",108,"LAE01","Outlet",2021-01-11,10.3,NA,NA,NA,NA,NA,NA,NA,NA,NA,NA,NA,NA,NA,5.03584466019417,NA,NA,NA,NA,NA,NA,NA,NA,NA,NA,NA,881143,"11.01.2021 07:00",0.518692,0.134812,0.124276,0.057552,"2021","11.01","01",NA,NA
"337",108,"LAE01","Outlet",2021-01-18,10.4,NA,NA,NA,NA,NA,NA,NA,NA,NA,NA,NA,NA,NA,4.76134615384615,NA,NA,NA,NA,NA,NA,NA,NA,NA,NA,NA,881164,"18.01.2021 17:20",0.49518,0.12864,0.118728,0.054752,"2021","18.01","01",NA,NA
"338",108,"LAE01","Outlet",2021-01-26,10.2,NA,NA,NA,NA,NA,NA,NA,NA,NA,NA,NA,NA,NA,4.74207843137255,NA,NA,NA,NA,NA,NA,NA,NA,NA,NA,NA,881104,"26.01.2021 00:00",0.483692,0.126032,0.11632,0.054584,"2021","26.01","01",NA,NA
"339",108,"LAE01","Outlet",2021-02-01,10.7,3.37,NA,NA,NA,NA,NA,NA,NA,NA,NA,NA,NA,NA,4.67629906542056,NA,NA,NA,NA,NA,NA,NA,NA,NA,NA,NA,885540,"01.02.2021 14:19",0.500364,0.129168,0.119108,0.055708,"2021","01.02","02",0.314953271028037,NA
"340",108,"LAE01","Outlet",2021-02-08,10.5,NA,NA,NA,NA,NA,NA,NA,NA,NA,NA,NA,NA,NA,4.5816380952381,NA,NA,NA,NA,NA,NA,NA,NA,NA,NA,NA,885507,"08.02.2021 20:30",0.481072,0.12562,0.11602,0.054412,"2021","08.02","02",NA,NA
"341",108,"LAE01","Outlet",2021-02-14,10.5,NA,NA,NA,NA,NA,NA,NA,NA,NA,NA,NA,NA,NA,4.74739047619048,NA,NA,NA,NA,NA,NA,NA,NA,NA,NA,NA,885519,"14.02.2021 14:35",0.498476,0.129516,0.119384,0.055728,"2021","14.02","02",NA,NA
"342",108,"LAE01","Outlet",2021-02-22,10.5,NA,NA,NA,NA,NA,NA,NA,NA,NA,NA,NA,NA,NA,4.95508571428571,NA,NA,NA,NA,NA,NA,NA,NA,NA,NA,NA,885919,"22.02.2021 00:00",0.520284,0.134848,0.124308,0.057952,"2021","22.02","02",NA,NA
"343",108,"LAE01","Outlet",2021-03-02,10.8,3.79,NA,NA,NA,NA,NA,NA,NA,NA,NA,NA,NA,NA,4.52085185185185,NA,NA,NA,NA,NA,NA,NA,NA,NA,NA,NA,885508,"02.03.2021 16:44",0.488252,0.126916,0.116992,0.054736,"2021","02.03","03",0.350925925925926,NA
"344",108,"LAE01","Outlet",2021-03-07,10.4,NA,NA,NA,NA,NA,NA,NA,NA,NA,NA,NA,NA,NA,4.88046153846154,NA,NA,NA,NA,NA,NA,NA,NA,NA,NA,NA,885619,"07.03.2021 12:00",0.507568,0.132004,0.121668,0.056912,"2021","07.03","03",NA,NA
"345",108,"LAE01","Outlet",2021-03-15,10.9,NA,NA,NA,NA,NA,NA,NA,NA,NA,NA,NA,NA,NA,4.1468623853211,NA,NA,NA,NA,NA,NA,NA,NA,NA,NA,NA,885612,"15.03.2021 19:30",0.452008,0.104144,0.095072,0.039904,"2021","15.03","03",NA,NA
"346",108,"LAE01","Outlet",2021-03-22,11.1,NA,NA,NA,NA,NA,NA,NA,NA,NA,NA,NA,NA,NA,4.65787387387387,NA,NA,NA,NA,NA,NA,NA,NA,NA,NA,NA,885887,"22.03.2021 19:45",0.517024,0.134612,0.12388,0.05748,"2021","22.03","03",NA,NA
"347",108,"LAE01","Outlet",2021-03-28,11.1,2.97,NA,NA,NA,NA,NA,NA,NA,NA,NA,NA,NA,NA,4.76627027027027,NA,NA,NA,NA,NA,NA,NA,NA,NA,NA,NA,885920,"28.03.2021 13:28",0.529056,0.134912,0.124244,0.057132,"2021","28.03","03",0.267567567567568,NA
"348",108,"LAE01","Outlet",2021-04-06,11,NA,NA,NA,NA,NA,NA,NA,NA,NA,NA,NA,NA,NA,4.31269090909091,NA,NA,NA,NA,NA,NA,NA,NA,NA,NA,NA,886041,"06.04.2021 00:00",0.474396,0.121744,0.11204,0.051212,"2021","06.04","04",NA,NA
"349",108,"LAE01","Outlet",2021-04-13,10.5,NA,NA,NA,NA,NA,NA,NA,NA,NA,NA,NA,NA,NA,4.62297142857143,NA,NA,NA,NA,NA,NA,NA,NA,NA,NA,NA,886251,"13.04.2021 20:30",0.485412,0.128628,0.118704,0.05554,"2021","13.04","04",NA,NA
"350",108,"LAE01","Outlet",2021-04-19,10.5,NA,NA,NA,NA,NA,NA,NA,NA,NA,NA,NA,NA,NA,4.62179047619048,NA,NA,NA,NA,NA,NA,NA,NA,NA,NA,NA,886026,"19.04.2021 21:17",0.485288,0.125672,0.115828,0.054072,"2021","19.04","04",NA,NA
"351",108,"LAE01","Outlet",2021-04-25,9.5,2.65,NA,NA,NA,NA,NA,NA,NA,NA,NA,NA,NA,NA,4.99313684210526,NA,NA,NA,NA,NA,NA,NA,NA,NA,NA,NA,886169,"25.04.2021 12:30",0.474348,0.121208,0.111656,0.051908,"2021","25.04","04",0.278947368421053,NA
"352",108,"LAE01","Outlet",2021-05-03,8.6,NA,NA,NA,NA,NA,NA,NA,NA,NA,NA,NA,NA,NA,4.87460465116279,NA,NA,NA,NA,NA,NA,NA,NA,NA,NA,NA,886155,"03.05.2021 19:50",0.419216,0.107726,0.099172,0.045688,"2021","03.05","05",NA,NA
"353",108,"LAE01","Outlet",2021-05-10,7.7,NA,NA,NA,NA,NA,NA,NA,NA,NA,NA,NA,NA,NA,4.57345454545455,NA,NA,NA,NA,NA,NA,NA,NA,NA,NA,NA,886340,"10.05.2021 20:50",0.352156,0.09019,0.083264,0.03963,"2021","10.05","05",NA,NA
"354",108,"LAE01","Outlet",2021-05-18,7.1,NA,NA,NA,NA,NA,NA,NA,NA,NA,NA,NA,NA,NA,5.18557746478873,NA,NA,NA,NA,NA,NA,NA,NA,NA,NA,NA,886339,"18.05.2021 19:44",0.368176,0.095462,0.08794,0.040552,"2021","18.05","05",NA,NA
"355",108,"LAE01","Outlet",2021-05-25,7.5,NA,NA,NA,NA,NA,NA,NA,NA,NA,NA,NA,NA,NA,4.42330666666667,NA,NA,NA,NA,NA,NA,NA,NA,NA,NA,NA,886392,"25.05.2021 00:00",0.331748,0.08538,0.07882,0.03798,"2021","25.05","05",NA,NA
"356",108,"LAE01","Outlet",2021-05-31,7.8,3.36,NA,NA,NA,NA,NA,NA,NA,NA,NA,NA,NA,NA,4.0187641025641,NA,NA,NA,NA,NA,NA,NA,NA,NA,NA,NA,886393,"31.05.2021 20:50",0.3134636,0.079084,0.073052,0.035288,"2021","31.05","05",0.430769230769231,NA
"357",108,"LAE01","Outlet",2021-06-08,6.9,NA,NA,NA,NA,NA,NA,NA,NA,NA,NA,NA,NA,NA,4.29750724637681,NA,NA,NA,NA,NA,NA,NA,NA,NA,NA,NA,886374,"08.06.2021 19:20",0.296528,0.071716,0.0662,0.031356,"2021","08.06","06",NA,NA
"358",108,"LAE01","Outlet",2021-06-14,6.7,NA,NA,NA,NA,NA,NA,NA,NA,NA,NA,NA,NA,NA,4.30620895522388,NA,NA,NA,NA,NA,NA,NA,NA,NA,NA,NA,886402,"14.06.2021 12:47",0.288516,0.07018,0.064756,0.030608,"2021","14.06","06",NA,NA
"359",108,"LAE01","Outlet",2021-06-21,6.5,NA,NA,NA,NA,NA,NA,NA,NA,NA,NA,NA,NA,NA,4.55012307692308,NA,NA,NA,NA,NA,NA,NA,NA,NA,NA,NA,886439,"21.06.2021 12:34",0.295758,0.070294,0.064616,0.029602,"2021","21.06","06",NA,NA
"360",108,"LAE01","Outlet",2021-06-27,7,2.75,NA,NA,NA,NA,NA,NA,NA,NA,NA,NA,NA,NA,4.22702857142857,NA,NA,NA,NA,NA,NA,NA,NA,NA,NA,NA,886408,"27.06.2021 11:59",0.295892,0.069314,0.063642,0.029374,"2021","27.06","06",0.392857142857143,NA
"361",108,"LAE01","Outlet",2021-07-04,6.4,NA,NA,NA,NA,NA,NA,NA,NA,NA,NA,NA,NA,NA,4.3111875,NA,NA,NA,NA,NA,NA,NA,NA,NA,NA,NA,886679,"04.07.2021 16:48",0.275916,0.0662156,0.061108,0.0290116,"2021","04.07","07",NA,NA
"362",108,"LAE01","Outlet",2021-07-12,7,NA,NA,NA,NA,NA,NA,NA,NA,NA,NA,NA,NA,NA,4.05331428571429,NA,NA,NA,NA,NA,NA,NA,NA,NA,NA,NA,886652,"12.07.2021 14:57",0.283732,0.0664436,0.061248,0.028556,"2021","12.07","07",NA,NA
"363",108,"LAE01","Outlet",2021-07-20,7.5,NA,NA,NA,NA,NA,NA,NA,NA,NA,NA,NA,NA,NA,3.71072,NA,NA,NA,NA,NA,NA,NA,NA,NA,NA,NA,886642,"20.07.2021 13:35",0.278304,0.06681,0.0615,0.028374,"2021","20.07","07",NA,NA
"364",108,"LAE01","Outlet",2021-07-26,7.8,2.56,NA,NA,NA,NA,NA,NA,NA,NA,NA,NA,NA,NA,3.92307692307692,NA,NA,NA,NA,NA,NA,NA,NA,NA,NA,NA,886638,"26.07.2021 13:00",0.306,0.0718236,0.066304,0.031896,"2021","26.07","07",0.328205128205128,NA
"365",108,"LAE01","Outlet",2021-08-01,9.4,NA,NA,NA,NA,NA,NA,NA,NA,NA,NA,NA,NA,NA,4.3423829787234,NA,NA,NA,NA,NA,NA,NA,NA,NA,NA,NA,886875,"01.08.2021 15:27",0.408184,0.097288,0.089364,0.040372,"2021","01.08","08",NA,NA
"366",108,"LAE01","Outlet",2021-08-08,9.9,NA,NA,NA,NA,NA,NA,NA,NA,NA,NA,NA,NA,NA,3.83418181818182,NA,NA,NA,NA,NA,NA,NA,NA,NA,NA,NA,886909,"08.08.2021 14:36",0.379584,0.089732,0.08246,0.0376076,"2021","08.08","08",NA,NA
"367",108,"LAE01","Outlet",2021-08-15,10.2,NA,NA,NA,NA,NA,NA,NA,NA,NA,NA,NA,NA,NA,4.11547058823529,NA,NA,NA,NA,NA,NA,NA,NA,NA,NA,NA,886915,"15.08.2021 14:45",0.419778,0.098184,0.09026,0.041204,"2021","15.08","08",NA,NA
"368",108,"LAE01","Outlet",2021-08-22,9.8,NA,NA,NA,NA,NA,NA,NA,NA,NA,NA,NA,NA,NA,3.88159183673469,NA,NA,NA,NA,NA,NA,NA,NA,NA,NA,NA,886814,"22.08.2021 00:00",0.380396,0.090292,0.083092,0.038432,"2021","22.08","08",NA,NA
"369",108,"LAE01","Outlet",2021-08-31,9.3,3.14,NA,NA,NA,NA,NA,NA,NA,NA,NA,NA,NA,NA,4.21133333333333,NA,NA,NA,NA,NA,NA,NA,NA,NA,NA,NA,886755,"31.08.2021 00:00",0.391654,0.092738,0.085426,0.040028,"2021","31.08","08",0.337634408602151,NA
"370",108,"LAE01","Outlet",2021-09-06,8.9,NA,NA,NA,NA,NA,NA,NA,NA,NA,NA,NA,NA,NA,4.55298876404494,NA,NA,NA,NA,NA,NA,NA,NA,NA,NA,NA,886834,"06.09.2021 11:53",0.405216,0.096944,0.089232,0.041532,"2021","06.09","09",NA,NA
"371",108,"LAE01","Outlet",2021-09-12,8.5,NA,NA,NA,NA,NA,NA,NA,NA,NA,NA,NA,NA,NA,3.93901176470588,NA,NA,NA,NA,NA,NA,NA,NA,NA,NA,NA,886953,"12.09.2021 12:09",0.334816,0.080284,0.074116,0.034968,"2021","12.09","09",NA,NA
"372",108,"LAE01","Outlet",2021-09-19,8.8,NA,NA,NA,NA,NA,NA,NA,NA,NA,NA,NA,NA,NA,3.80886363636364,NA,NA,NA,NA,NA,NA,NA,NA,NA,NA,NA,886958,"19.09.2021 11:07",0.33518,0.080148,0.073868,0.035076,"2021","19.09","09",NA,NA
"373",108,"LAE01","Outlet",2021-09-26,8.4,3.1,NA,NA,NA,NA,NA,NA,NA,NA,NA,NA,NA,NA,4.03935714285714,NA,NA,NA,NA,NA,NA,NA,NA,NA,NA,NA,886968,"26.09.2021 10:42",0.339306,0.081204,0.07485,0.035166,"2021","26.09","09",0.369047619047619,NA
"374",108,"LAE01","Outlet",2021-10-02,12,NA,NA,NA,NA,NA,NA,NA,NA,NA,NA,NA,NA,NA,4.0814,NA,NA,NA,NA,NA,NA,NA,NA,NA,NA,NA,886973,"02.10.2021 16:07",0.489768,0.119664,0.110652,0.0531,"2021","02.10","10",NA,NA
"375",108,"LAE01","Outlet",2021-10-10,12,NA,NA,NA,NA,NA,NA,NA,NA,NA,NA,NA,NA,NA,4.1491,NA,NA,NA,NA,NA,NA,NA,NA,NA,NA,NA,887119,"10.10.2021 13:58",0.497892,0.124962,0.11526,0.054336,"2021","10.10","10",NA,NA
"376",108,"LAE01","Outlet",2021-10-17,11.9,NA,NA,NA,NA,NA,NA,NA,NA,NA,NA,NA,NA,NA,4.35388235294118,NA,NA,NA,NA,NA,NA,NA,NA,NA,NA,NA,886921,"17.10.2021 16:45",0.518112,0.129384,0.119286,0.056178,"2021","17.10","10",NA,NA
"377",108,"LAE01","Outlet",2021-10-25,11.6,NA,NA,NA,NA,NA,NA,NA,NA,NA,NA,NA,NA,NA,4.32924137931034,NA,NA,NA,NA,NA,NA,NA,NA,NA,NA,NA,887132,"25.10.2021 14:17",0.502192,0.125996,0.116164,0.054292,"2021","25.10","10",NA,NA
"378",108,"LAE01","Outlet",2021-10-31,13,4.36,NA,NA,NA,NA,NA,NA,NA,NA,NA,NA,NA,NA,3.89275384615385,NA,NA,NA,NA,NA,NA,NA,NA,NA,NA,NA,886877,"31.10.2021 15:07",0.506058,0.126552,0.116826,0.055716,"2021","31.10","10",0.335384615384615,NA
"379",108,"LAE01","Outlet",2021-11-08,12.3,NA,NA,NA,NA,NA,NA,NA,NA,NA,NA,NA,NA,NA,4.23138211382114,NA,NA,NA,NA,NA,NA,NA,NA,NA,NA,NA,887131,"08.11.2021 15:16",0.52046,0.130116,0.119832,0.055724,"2021","08.11","11",NA,NA
"380",108,"LAE01","Outlet",2021-11-14,12.1,NA,NA,NA,NA,NA,NA,NA,NA,NA,NA,NA,NA,NA,4.22502479338843,NA,NA,NA,NA,NA,NA,NA,NA,NA,NA,NA,887164,"14.11.2021 14:52",0.511228,0.128536,0.118388,0.055268,"2021","14.11","11",NA,NA
"381",108,"LAE01","Outlet",2021-11-21,12,NA,NA,NA,NA,NA,NA,NA,NA,NA,NA,NA,NA,NA,4.2032,NA,NA,NA,NA,NA,NA,NA,NA,NA,NA,NA,887249,"21.11.2021 12:48",0.504384,0.11178,0.10182,0.042716,"2021","21.11","11",NA,NA
"382",108,"LAE01","Outlet",2021-11-27,12.7,4.56,NA,NA,NA,NA,NA,NA,NA,NA,NA,NA,NA,NA,4.51637795275591,NA,NA,NA,NA,NA,NA,NA,NA,NA,NA,NA,887239,"27.11.2021 00:00",0.57358,0.145188,0.133792,0.062568,"2021","27.11","11",0.359055118110236,NA
"383",108,"LAE01","Outlet",2021-12-05,13.3,NA,NA,NA,NA,NA,NA,NA,NA,NA,NA,NA,NA,NA,4.50655639097744,NA,NA,NA,NA,NA,NA,NA,NA,NA,NA,NA,887242,"05.12.2021 14:20",0.599372,0.152644,0.140532,0.065816,"2021","05.12","12",NA,NA
"384",108,"LAE01","Outlet",2021-12-13,13.2,NA,NA,NA,NA,NA,NA,NA,NA,NA,NA,NA,NA,NA,4.11963636363636,NA,NA,NA,NA,NA,NA,NA,NA,NA,NA,NA,887237,"13.12.2021 19:30",0.543792,0.139536,0.128584,0.060492,"2021","13.12","12",NA,NA
"385",108,"LAE01","Outlet",2021-12-20,12.6,NA,NA,NA,NA,NA,NA,NA,NA,NA,NA,NA,NA,NA,4.39895238095238,NA,NA,NA,NA,NA,NA,NA,NA,NA,NA,NA,887362,"20.12.2021 15:30",0.554268,0.139976,0.128868,0.059684,"2021","20.12","12",NA,NA
"386",108,"LAE01","Outlet",2021-12-29,13.2,4.34,NA,NA,NA,NA,NA,NA,NA,NA,NA,NA,NA,NA,4.65678787878788,NA,NA,NA,NA,NA,NA,NA,NA,NA,NA,NA,951912,"29.12.2021 20:22",0.614696,0.156272,0.144084,0.067504,"2021","29.12","12",0.328787878787879,NA
"588",14970,"LAE03","Inlet",2020-01-28,12.7,2.38,NA,NA,NA,NA,NA,NA,NA,NA,NA,NA,NA,NA,3.91099212598425,NA,NA,NA,NA,NA,NA,NA,NA,NA,NA,NA,874250,"28.01.2020 16:26",0.496696,0.127328,0.11706,0.05306,"2020","28.01","01",0.18740157480315,NA
"589",14970,"LAE03","Inlet",2020-02-24,11.1,2.44,NA,NA,NA,NA,NA,NA,NA,NA,NA,NA,NA,NA,4.29073873873874,NA,NA,NA,NA,NA,NA,NA,NA,NA,NA,NA,874419,"24.02.2020 17:22",0.476272,0.12188,0.112196,0.051384,"2020","24.02","02",0.21981981981982,NA
"590",14970,"LAE03","Inlet",2020-03-30,11.5,2.98,NA,NA,NA,NA,NA,NA,NA,NA,NA,NA,NA,NA,4.54521739130435,NA,NA,NA,NA,NA,NA,NA,NA,NA,NA,NA,874701,"30.03.2020 16:54",0.5227,0.134372,0.123732,0.056636,"2020","30.03","03",0.259130434782609,NA
"591",14970,"LAE03","Inlet",2020-04-28,8.5,2.77,NA,NA,NA,NA,NA,NA,NA,NA,NA,NA,NA,NA,4.66550588235294,NA,NA,NA,NA,NA,NA,NA,NA,NA,NA,NA,874644,"28.04.2020 19:45",0.396568,0.100996,0.092976,0.042784,"2020","28.04","04",0.325882352941176,NA
"592",14970,"LAE03","Inlet",2020-05-31,9.5,2.88,NA,NA,NA,NA,NA,NA,NA,NA,NA,NA,NA,NA,4.77250526315789,NA,NA,NA,NA,NA,NA,NA,NA,NA,NA,NA,875762,"31.05.2020 15:20",0.453388,0.119488,0.1102,0.05248,"2020","31.05","05",0.303157894736842,NA
"593",14970,"LAE03","Inlet",2020-06-29,20.2,4.4,NA,NA,NA,NA,NA,NA,NA,NA,NA,NA,NA,NA,3.9990495049505,NA,NA,NA,NA,NA,NA,NA,NA,NA,NA,NA,875641,"29.06.2020 13:06",0.807808,0.203156,0.186764,0.084808,"2020","29.06","06",0.217821782178218,NA
"594",14970,"LAE03","Inlet",2020-07-25,16.3,3,NA,NA,NA,NA,NA,NA,NA,NA,NA,NA,NA,NA,4.11528834355828,NA,NA,NA,NA,NA,NA,NA,NA,NA,NA,NA,875705,"25.07.2020 00:00",0.670792,0.171212,0.157456,0.072052,"2020","25.07","07",0.184049079754601,NA
"595",14970,"LAE03","Inlet",2020-08-29,17.5,2.92,NA,NA,NA,NA,NA,NA,NA,NA,NA,NA,NA,NA,4.17394285714286,NA,NA,NA,NA,NA,NA,NA,NA,NA,NA,NA,876222,"29.08.2020 15:05",0.73044,0.18528,0.170814,0.078468,"2020","29.08","08",0.166857142857143,NA
"596",14970,"LAE03","Inlet",2020-09-27,18.4,3.95,NA,NA,NA,NA,NA,NA,NA,NA,NA,NA,NA,NA,4.16839130434783,NA,NA,NA,NA,NA,NA,NA,NA,NA,NA,NA,876259,"27.09.2020 13:14",0.766984,0.188948,0.173632,0.07746,"2020","27.09","09",0.214673913043478,NA
"597",14970,"LAE03","Inlet",2020-10-25,12.3,4.65,NA,NA,NA,NA,NA,NA,NA,NA,NA,NA,NA,NA,4.57226016260163,NA,NA,NA,NA,NA,NA,NA,NA,NA,NA,NA,876662,"25.10.2020 15:40",0.562388,0.138996,0.127848,0.058068,"2020","25.10","10",0.378048780487805,NA
"598",14970,"LAE03","Inlet",2020-11-29,10.6,2.47,NA,NA,NA,NA,NA,NA,NA,NA,NA,NA,NA,NA,4.58037735849057,NA,NA,NA,NA,NA,NA,NA,NA,NA,NA,NA,877054,"29.11.2020 14:50",0.48552,0.124968,0.1153436,0.053888,"2020","29.11","11",0.233018867924528,NA
"599",14970,"LAE03","Inlet",2020-12-30,10.1,2.56,NA,NA,NA,NA,NA,NA,NA,NA,NA,NA,NA,NA,4.42605940594059,NA,NA,NA,NA,NA,NA,NA,NA,NA,NA,NA,877379,"30.12.2020 00:00",0.447032,0.115028,0.105936,0.04886,"2020","30.12","12",0.253465346534653,NA
"600",14970,"LAE03","Inlet",2021-02-01,10.3,2.5,NA,NA,NA,NA,NA,NA,NA,NA,NA,NA,NA,NA,4.87390291262136,NA,NA,NA,NA,NA,NA,NA,NA,NA,NA,NA,881100,"01.02.2021 14:21",0.502012,0.130372,0.120284,0.055932,"2021","01.02","02",0.242718446601942,NA
"601",14970,"LAE03","Inlet",2021-03-02,11.9,2.91,NA,NA,NA,NA,NA,NA,NA,NA,NA,NA,NA,NA,4.45690756302521,NA,NA,NA,NA,NA,NA,NA,NA,NA,NA,NA,885510,"02.03.2021 14:50",0.530372,0.136076,0.125316,0.05728,"2021","02.03","03",0.24453781512605,NA
"602",14970,"LAE03","Inlet",2021-03-28,11.9,2.29,NA,NA,NA,NA,NA,NA,NA,NA,NA,NA,NA,NA,4.72598319327731,NA,NA,NA,NA,NA,NA,NA,NA,NA,NA,NA,886249,"28.03.2021 12:57",0.562392,0.1428,0.131232,0.059836,"2021","28.03","03",0.192436974789916,NA
"603",14970,"LAE03","Inlet",2021-04-25,8.7,3.05,NA,NA,NA,NA,NA,NA,NA,NA,NA,NA,NA,NA,4.88703448275862,NA,NA,NA,NA,NA,NA,NA,NA,NA,NA,NA,886030,"25.04.2021 12:40",0.425172,0.108864,0.100212,0.046372,"2021","25.04","04",0.350574712643678,NA
"604",14970,"LAE03","Inlet",2021-05-31,10.6,3.23,NA,NA,NA,NA,NA,NA,NA,NA,NA,NA,NA,NA,4.67415094339623,NA,NA,NA,NA,NA,NA,NA,NA,NA,NA,NA,886395,"31.05.2021 20:30",0.49546,0.130012,0.12004,0.05656,"2021","31.05","05",0.304716981132075,NA
"605",14970,"LAE03","Inlet",2021-06-27,13.8,3.27,NA,NA,NA,NA,NA,NA,NA,NA,NA,NA,NA,NA,4.64649275362319,NA,NA,NA,NA,NA,NA,NA,NA,NA,NA,NA,886436,"27.06.2021 13:53",0.641216,0.161204,0.148164,0.067832,"2021","27.06","06",0.23695652173913,NA
"606",14970,"LAE03","Inlet",2021-10-31,16.7,4.15,NA,NA,NA,NA,NA,NA,NA,NA,NA,NA,NA,NA,4.25766467065868,NA,NA,NA,NA,NA,NA,NA,NA,NA,NA,NA,886878,"31.10.2021 14:23",0.71103,0.180918,0.166386,0.075216,"2021","31.10","10",0.248502994011976,NA
"607",14970,"LAE03","Inlet",2021-11-27,10.9,3.09,NA,NA,NA,NA,NA,NA,NA,NA,NA,NA,NA,NA,4.65177981651376,NA,NA,NA,NA,NA,NA,NA,NA,NA,NA,NA,887241,"27.11.2021 00:00",0.507044,0.12954,0.11928,0.054908,"2021","27.11","11",0.28348623853211,NA
"608",14970,"LAE03","Inlet",2021-12-29,9.5,2.35,NA,NA,NA,NA,NA,NA,NA,NA,NA,NA,NA,NA,4.40913684210526,NA,NA,NA,NA,NA,NA,NA,NA,NA,NA,NA,887259,"29.12.2021 20:46",0.418868,0.108004,0.09952,0.045904,"2021","29.12","12",0.247368421052632,NA
