station_id,station_code,station_name,sample_date,depth1,depth2,DOC_mg/L C,Hg (IVL)Filtrert_ng/l,Hg(IVL)_ng/l,Hg_ng/l,MeHg(IVL) Filtrert_ng/l,MeHg(IVL)_ng/l,MeHg_ng/l,TOC_mg C/l,UVABS254(filtrert+ufiltrert)_Abs/cm,UVABS254(ufiltrert)_Abs/cm,UVABS365(filtrert+ufiltrert)_Abs/cm,UVABS365(ufiltrert)_Abs/cm,UVABS410(filtrert+ufiltrert)_Abs/cm,UVABS410(ufiltrert)_Abs/cm
108,LAE01,"Langtjern, utløp",2016-01-02 14:11:00,0.0,0.0,,,,,,,,12.4,,,,,,
108,LAE01,"Langtjern, utløp",2016-01-11 00:00:00,0.0,0.0,,,,,,,,12.1,,,,,,
108,LAE01,"Langtjern, utløp",2016-01-17 10:45:00,0.0,0.0,,,,,,,,11.8,,,,,,
108,LAE01,"Langtjern, utløp",2016-01-24 13:27:00,0.0,0.0,,,,,,,,12.2,,,,,,
108,LAE01,"Langtjern, utløp",2016-01-31 09:43:00,0.0,0.0,,,,,,,,11.9,,,,,,
108,LAE01,"Langtjern, utløp",2016-02-06 14:18:00,0.0,0.0,,,,,,,,12.3,,,,,,
108,LAE01,"Langtjern, utløp",2016-02-14 11:21:00,0.0,0.0,,,,,,,,11.4,,,,,,
108,LAE01,"Langtjern, utløp",2016-02-28 11:04:00,0.0,0.0,,,,,,,,11.2,,,,,,
108,LAE01,"Langtjern, utløp",2016-03-06 12:22:00,0.0,0.0,,,,,,,,11.7,,,,,,
108,LAE01,"Langtjern, utløp",2016-03-14 11:29:00,0.0,0.0,,,,,,,,11.8,,,,,,
108,LAE01,"Langtjern, utløp",2016-03-21 11:55:00,0.0,0.0,,,,,,,,10.8,,,,,,
108,LAE01,"Langtjern, utløp",2016-03-28 12:10:00,0.0,0.0,,,,,,,,10.9,,,,,,
108,LAE01,"Langtjern, utløp",2016-04-03 12:33:00,0.0,0.0,,,,,,,,10.3,,,,,,
108,LAE01,"Langtjern, utløp",2016-04-09 12:53:00,0.0,0.0,,,,,,,,9.8,,,,,,
108,LAE01,"Langtjern, utløp",2016-04-18 10:51:00,0.0,0.0,,,,,,,,8.7,,,,,,
108,LAE01,"Langtjern, utløp",2016-04-24 13:07:00,0.0,0.0,,,,,,,,8.2,,,,,,
108,LAE01,"Langtjern, utløp",2016-05-01 12:36:00,0.0,0.0,,,,,,,,7.7,,,,,,
108,LAE01,"Langtjern, utløp",2016-05-08 12:26:00,0.0,0.0,,,,,,,,6.5,,,,,,
108,LAE01,"Langtjern, utløp",2016-05-15 13:48:00,0.0,0.0,,,,,,,,8.8,,,,,,
108,LAE01,"Langtjern, utløp",2016-05-22 12:26:00,0.0,0.0,,,,,,,,8.4,,,,,,
108,LAE01,"Langtjern, utløp",2016-05-29 12:54:00,0.0,0.0,,,,,,,,10.3,,,,,,
108,LAE01,"Langtjern, utløp",2016-06-06 11:39:00,0.0,0.0,,,,,,,,9.3,,,,,,
108,LAE01,"Langtjern, utløp",2016-06-12 12:01:00,0.0,0.0,,,,,,,,8.8,,,,,,
108,LAE01,"Langtjern, utløp",2016-06-19 19:11:00,0.0,0.0,,,,,,,,9.2,,,,,,
108,LAE01,"Langtjern, utløp",2016-06-25 14:37:00,0.0,0.0,,,,,,,,8.7,,,,,,
108,LAE01,"Langtjern, utløp",2016-07-03 10:27:00,0.0,0.0,,,,,,,,11.4,,,,,,
108,LAE01,"Langtjern, utløp",2016-07-10 10:21:00,0.0,0.0,,,,,,,,11.7,,,,,,
108,LAE01,"Langtjern, utløp",2016-07-17 11:31:00,0.0,0.0,,,,,,,,11.5,,,,,,
108,LAE01,"Langtjern, utløp",2016-07-23 14:33:00,0.0,0.0,,,,,,,,11.3,,,,,,
108,LAE01,"Langtjern, utløp",2016-07-31 11:19:00,0.0,0.0,,,,,,,,11.8,,,,,,
108,LAE01,"Langtjern, utløp",2016-08-07 11:41:00,0.0,0.0,,,,,,,,12.3,,,,,,
108,LAE01,"Langtjern, utløp",2016-08-14 13:57:00,0.0,0.0,,,,,,,,13.4,,,,,,
108,LAE01,"Langtjern, utløp",2016-08-21 12:57:00,0.0,0.0,,,,,,,,12.8,,,,,,
108,LAE01,"Langtjern, utløp",2016-08-28 11:07:00,0.0,0.0,,,,,,,,12.8,,,,,,
108,LAE01,"Langtjern, utløp",2016-09-05 11:04:00,0.0,0.0,,,,,,,,12.5,,,,,,
108,LAE01,"Langtjern, utløp",2016-09-11 11:21:00,0.0,0.0,,,,,,,,12.3,,,,,,
108,LAE01,"Langtjern, utløp",2016-09-18 13:21:00,0.0,0.0,,,,,,,,12.0,,,,,,
108,LAE01,"Langtjern, utløp",2016-09-19 00:00:00,0.0,0.0,,,,,,,,12.0,,,,,,
108,LAE01,"Langtjern, utløp",2016-09-24 13:17:00,0.0,0.0,,,,,,,,11.8,,,,,,
108,LAE01,"Langtjern, utløp",2016-10-02 10:59:00,0.0,0.0,,,,,,,,11.7,,,,,,
108,LAE01,"Langtjern, utløp",2016-10-09 09:54:00,0.0,0.0,,,,,,,,11.2,,,,,,
108,LAE01,"Langtjern, utløp",2016-10-17 12:59:00,0.0,0.0,,,,,,,,10.7,,,,,,
108,LAE01,"Langtjern, utløp",2016-10-20 12:00:00,0.0,0.0,,,,,,,,11.3,,,,,,
108,LAE01,"Langtjern, utløp",2016-10-24 13:44:00,0.0,0.0,,,,,,,,11.1,,,,,,
108,LAE01,"Langtjern, utløp",2016-10-30 13:34:00,0.0,0.0,,,,,,,,11.4,,,,,,
108,LAE01,"Langtjern, utløp",2016-11-07 20:45:00,0.0,0.0,,,,,,,,11.7,,,,,,
108,LAE01,"Langtjern, utløp",2016-11-13 13:56:00,0.0,0.0,,,,,,,,12.3,,,,,,
108,LAE01,"Langtjern, utløp",2016-11-19 13:36:00,0.0,0.0,,,,,,,,12.1,,,,,,
108,LAE01,"Langtjern, utløp",2016-11-27 15:34:00,0.0,0.0,,,,,,,,13.2,,,,,,
108,LAE01,"Langtjern, utløp",2016-12-04 13:32:00,0.0,0.0,,,,,,,,13.5,,,,,,
108,LAE01,"Langtjern, utløp",2016-12-11 13:36:00,0.0,0.0,,,,,,,,13.0,,,,,,
108,LAE01,"Langtjern, utløp",2016-12-18 13:26:00,0.0,0.0,,,,,,,,13.5,,,,,,
108,LAE01,"Langtjern, utløp",2016-12-27 15:18:00,0.0,0.0,,,,,,,,13.1,,,,,,
108,LAE01,"Langtjern, utløp",2017-01-01 13:41:00,0.0,0.0,,,,,,,,13.1,,,,,,
108,LAE01,"Langtjern, utløp",2017-01-08 13:33:00,0.0,0.0,,,,,,,,13.8,,,,,,
108,LAE01,"Langtjern, utløp",2017-01-15 12:49:00,0.0,0.0,,,,,,,,13.4,,,,,,
108,LAE01,"Langtjern, utløp",2017-01-22 12:53:00,0.0,0.0,,,,,,,,13.1,,,,,,
108,LAE01,"Langtjern, utløp",2017-01-25 00:00:00,0.0,0.0,,,,,,,,13.7,,,,,,
108,LAE01,"Langtjern, utløp",2017-01-29 13:05:00,0.0,0.0,,,,,,,,14.2,,,,,,
108,LAE01,"Langtjern, utløp",2017-02-05 13:39:00,0.0,0.0,,,,,,,,13.0,,,,,,
108,LAE01,"Langtjern, utløp",2017-02-11 14:47:00,0.0,0.0,,,,,,,,13.1,,,,,,
108,LAE01,"Langtjern, utløp",2017-02-19 14:40:00,0.0,0.0,,,,,,,,13.2,,,,,,
108,LAE01,"Langtjern, utløp",2017-02-25 13:53:00,0.0,0.0,,,,,,,,13.2,,,,,,
108,LAE01,"Langtjern, utløp",2017-03-06 16:07:00,0.0,0.0,,,,,,,,12.4,,,,,,
108,LAE01,"Langtjern, utløp",2017-03-11 14:25:00,0.0,0.0,,,,,,,,12.7,,,,,,
108,LAE01,"Langtjern, utløp",2017-03-18 14:57:00,0.0,0.0,,,,,,,,12.6,,,,,,
108,LAE01,"Langtjern, utløp",2017-03-25 14:10:00,0.0,0.0,,,,,,,,12.6,,,,,,
108,LAE01,"Langtjern, utløp",2017-04-01 00:00:00,0.0,0.0,,,,,,,,13.3,,,,,,
108,LAE01,"Langtjern, utløp",2017-04-01 12:44:00,0.0,0.0,,,,,,,,12.7,,,,,,
108,LAE01,"Langtjern, utløp",2017-04-09 12:01:00,0.0,0.0,,,,,,,,11.6,,,,,,
108,LAE01,"Langtjern, utløp",2017-04-16 00:00:00,0.0,0.0,,,,,,,,10.2,,,,,,
108,LAE01,"Langtjern, utløp",2017-04-23 11:40:00,0.0,0.0,,,,,,,,10.3,,,,,,
108,LAE01,"Langtjern, utløp",2017-04-30 13:03:00,0.0,0.0,,,,,,,,10.7,,,,,,
108,LAE01,"Langtjern, utløp",2017-05-07 12:20:00,0.0,0.0,,,,,,,,9.6,,,,,,
108,LAE01,"Langtjern, utløp",2017-05-14 12:20:00,0.0,0.0,,,,,,,,9.1,,,,,,
108,LAE01,"Langtjern, utløp",2017-05-21 12:03:00,0.0,0.0,,,,,,,,10.1,,,,,,
108,LAE01,"Langtjern, utløp",2017-05-28 12:36:00,0.0,0.0,,,,,,,,10.0,,,,,,
108,LAE01,"Langtjern, utløp",2017-06-04 00:00:00,0.0,0.0,,,,,,,,10.1,,,,,,
108,LAE01,"Langtjern, utløp",2017-06-11 13:36:00,0.0,0.0,,,,,,,,11.8,,,,,,
108,LAE01,"Langtjern, utløp",2017-06-18 12:10:00,0.0,0.0,,,,,,,,12.1,,,,,,
108,LAE01,"Langtjern, utløp",2017-06-25 11:17:00,0.0,0.0,,,,,,,,11.8,,,,,,
108,LAE01,"Langtjern, utløp",2017-07-02 12:10:00,0.0,0.0,,,,,,,,11.5,,,,,,
108,LAE01,"Langtjern, utløp",2017-07-10 10:25:00,0.0,0.0,,,,,,,,11.6,,,,,,
108,LAE01,"Langtjern, utløp",2017-07-16 10:06:00,0.0,0.0,,,,,,,,10.9,,,,,,
108,LAE01,"Langtjern, utløp",2017-07-24 14:38:00,0.0,0.0,,,,,,,,10.4,,,,,,
108,LAE01,"Langtjern, utløp",2017-07-30 12:22:00,0.0,0.0,,,,,,,,10.8,,,,,,
108,LAE01,"Langtjern, utløp",2017-08-05 13:31:00,0.0,0.0,,,,,,,,11.4,,,,,,
108,LAE01,"Langtjern, utløp",2017-08-14 16:14:00,0.0,0.0,,,,,,,,15.1,,,,,,
108,LAE01,"Langtjern, utløp",2017-08-20 10:13:00,0.0,0.0,,,,,,,,15.4,,,,,,
108,LAE01,"Langtjern, utløp",2017-08-26 12:40:00,0.0,0.0,,,,,,,,15.3,,,,,,
108,LAE01,"Langtjern, utløp",2017-09-03 13:17:00,0.0,0.0,,,,,,,,14.8,,,,,,
108,LAE01,"Langtjern, utløp",2017-09-10 12:55:00,0.0,0.0,,,,,,,,14.0,,,,,,
108,LAE01,"Langtjern, utløp",2017-09-16 17:45:00,0.0,0.0,,,,,,,,15.2,,,,,,
108,LAE01,"Langtjern, utløp",2017-09-24 13:25:00,0.0,0.0,,,,,,,,14.7,,,,,,
108,LAE01,"Langtjern, utløp",2017-10-01 12:00:00,0.0,0.0,,,,,,,,15.3,,,,,,
108,LAE01,"Langtjern, utløp",2017-10-08 10:25:00,0.0,0.0,,,,,,,,14.5,,,,,,
108,LAE01,"Langtjern, utløp",2017-10-15 10:16:00,0.0,0.0,,,,,,,,13.4,,,,,,
108,LAE01,"Langtjern, utløp",2017-10-23 12:56:00,0.0,0.0,,,,,,,,13.9,,,,,,
108,LAE01,"Langtjern, utløp",2017-10-28 12:27:00,0.0,0.0,,,,,,,,13.3,,,,,,
108,LAE01,"Langtjern, utløp",2017-11-05 14:35:00,0.0,0.0,,,,,,,,13.8,,,,,,
108,LAE01,"Langtjern, utløp",2017-11-12 13:33:00,0.0,0.0,,,,,,,,13.4,,,,,,
108,LAE01,"Langtjern, utløp",2017-11-18 14:15:00,0.0,0.0,,,,,,,,13.1,,,,,,
108,LAE01,"Langtjern, utløp",2017-11-26 22:45:00,0.0,0.0,,,,,,,,13.4,,,,,,
108,LAE01,"Langtjern, utløp",2017-12-03 13:44:00,0.0,0.0,,,,,,,,13.4,,,,,,
108,LAE01,"Langtjern, utløp",2017-12-11 20:06:00,0.0,0.0,,,,,,,,13.2,,,,,,
108,LAE01,"Langtjern, utløp",2017-12-17 00:00:00,0.0,0.0,,,,,,,,14.0,,,,,,
108,LAE01,"Langtjern, utløp",2017-12-23 14:57:00,0.0,0.0,,,,,,,,13.9,,,,,,
108,LAE01,"Langtjern, utløp",2017-12-29 12:15:00,0.0,0.0,,,,,,,,13.4,,,,,,
108,LAE01,"Langtjern, utløp",2018-01-06 16:30:00,0.0,0.0,,,,,,,,13.2,,,,,,
108,LAE01,"Langtjern, utløp",2018-01-16 21:19:00,0.0,0.0,,,,,,,,13.1,,,,,,
108,LAE01,"Langtjern, utløp",2018-01-22 15:00:00,0.0,0.0,,,,,,,,13.0,,,,,,
108,LAE01,"Langtjern, utløp",2018-01-25 10:52:00,0.0,0.0,,,,,,,,12.7,,,,,,
108,LAE01,"Langtjern, utløp",2018-02-02 20:30:00,0.0,0.0,,,,,,,,12.3,,,,,,
108,LAE01,"Langtjern, utløp",2018-02-11 11:00:00,0.0,0.0,,,,,,,,12.3,,,,,,
108,LAE01,"Langtjern, utløp",2018-02-19 01:00:00,0.0,0.0,,,,,,,,12.3,,,,,,
108,LAE01,"Langtjern, utløp",2018-02-24 00:00:00,0.0,0.0,,,,,,,,12.1,,,,,,
108,LAE01,"Langtjern, utløp",2018-03-03 15:03:00,0.0,0.0,,,,,,,,11.9,,,,,,
108,LAE01,"Langtjern, utløp",2018-03-10 14:35:00,0.0,0.0,,,,,,,,11.8,,,,,,
108,LAE01,"Langtjern, utløp",2018-03-19 14:15:00,0.0,0.0,,,,,,,,12.3,,,,,,
108,LAE01,"Langtjern, utløp",2018-03-24 11:20:00,0.0,0.0,,,,,,,,11.6,,,,,,
108,LAE01,"Langtjern, utløp",2018-04-03 12:45:00,0.0,0.0,,,,,,,,12.2,,,,,,
108,LAE01,"Langtjern, utløp",2018-04-07 13:37:00,0.0,0.0,,,,,,,,12.3,,,,,,
108,LAE01,"Langtjern, utløp",2018-04-17 18:30:00,0.0,0.0,,,,,,,,14.1,,,,,,
108,LAE01,"Langtjern, utløp",2018-04-21 13:30:00,0.0,0.0,,,,,,,,11.2,,,,,,
108,LAE01,"Langtjern, utløp",2018-04-30 19:50:00,0.0,0.0,,,,,,,,8.1,,,,,,
108,LAE01,"Langtjern, utløp",2018-05-06 13:36:00,0.0,0.0,,,,,,,,7.0,,,,,,
108,LAE01,"Langtjern, utløp",2018-05-14 18:18:00,0.0,0.0,,,,,,,,7.9,,,,,,
108,LAE01,"Langtjern, utløp",2018-05-21 13:03:00,0.0,0.0,,,,,,,,7.5,,,,,,
108,LAE01,"Langtjern, utløp",2018-05-27 15:05:00,0.0,0.0,,,,,,,,7.4,,,,,,
108,LAE01,"Langtjern, utløp",2018-06-03 09:57:00,0.0,0.0,,,,,,,,7.5,,,,,,
108,LAE01,"Langtjern, utløp",2018-06-10 10:48:00,0.0,0.0,,,,,,,,7.2,,,,,,
108,LAE01,"Langtjern, utløp",2018-06-18 12:13:00,0.0,0.0,,,,,,,,7.1,,,,,,
108,LAE01,"Langtjern, utløp",2018-06-24 14:46:00,0.0,0.0,,,,,,,,6.8,,,,,,
108,LAE01,"Langtjern, utløp",2018-07-01 12:48:00,0.0,0.0,,,,,,,,6.9,,,,,,
108,LAE01,"Langtjern, utløp",2018-07-08 11:58:00,0.0,0.0,,,,,,,,6.9,,,,,,
108,LAE01,"Langtjern, utløp",2018-08-08 17:38:00,0.0,0.0,,,,,,,,7.3,,,,,,
108,LAE01,"Langtjern, utløp",2018-08-12 11:47:00,0.0,0.0,,,,,,,,9.1,,,,,,
108,LAE01,"Langtjern, utløp",2018-08-20 12:58:00,0.0,0.0,,,,,,,,12.1,,,,,,
108,LAE01,"Langtjern, utløp",2018-08-26 10:50:00,0.0,0.0,,,,,,,,12.6,,,,,,
108,LAE01,"Langtjern, utløp",2018-09-03 08:36:00,0.0,0.0,,,,,,,,10.6,,,,,,
108,LAE01,"Langtjern, utløp",2018-09-09 11:45:00,0.0,0.0,,,,,,,,11.3,,,,,,
108,LAE01,"Langtjern, utløp",2018-09-16 11:20:00,0.0,0.0,,,,,,,,14.5,,,,,,
108,LAE01,"Langtjern, utløp",2018-09-23 17:10:00,0.0,0.0,,,,,,,,14.1,,,,,,
108,LAE01,"Langtjern, utløp",2018-09-29 12:15:00,0.0,0.0,,,,,,,,13.0,,,,,,
108,LAE01,"Langtjern, utløp",2018-10-07 00:00:00,0.0,0.0,,,,,,,,13.2,,,,,,
108,LAE01,"Langtjern, utløp",2018-10-14 13:30:00,0.0,0.0,,,,,,,,12.5,,,,,,
108,LAE01,"Langtjern, utløp",2018-10-21 13:02:00,0.0,0.0,,,,,,,,12.7,,,,,,
108,LAE01,"Langtjern, utløp",2018-11-01 13:57:00,0.0,0.0,,,,,,,,12.7,,,,,,
108,LAE01,"Langtjern, utløp",2018-11-04 12:56:00,0.0,0.0,,,,,,,,13.9,,,,,,
108,LAE01,"Langtjern, utløp",2018-11-09 00:00:00,0.5,0.5,,,,,,,,13.3,,,,,,
108,LAE01,"Langtjern, utløp",2018-11-11 13:05:00,0.0,0.0,,,,,,,,14.8,,,,,,
108,LAE01,"Langtjern, utløp",2018-11-18 13:20:00,0.0,0.0,,,,,,,,13.4,,,,,,
108,LAE01,"Langtjern, utløp",2018-11-25 12:35:00,0.0,0.0,,,,,,,,15.4,,,,,,
108,LAE01,"Langtjern, utløp",2018-12-02 13:04:00,0.0,0.0,,,,,,,,12.8,,,,,,
108,LAE01,"Langtjern, utløp",2018-12-09 13:45:00,0.0,0.0,,,,,,,,14.3,,,,,,
108,LAE01,"Langtjern, utløp",2018-12-15 13:19:00,0.0,0.0,,,,,,,,14.6,,,,,,
108,LAE01,"Langtjern, utløp",2018-12-22 14:33:00,0.0,0.0,,,,,,,,13.8,,,,,,
108,LAE01,"Langtjern, utløp",2018-12-29 15:48:00,0.0,0.0,,,,,,,,13.9,,,,,,
108,LAE01,"Langtjern, utløp",2019-01-07 21:13:00,0.0,0.0,,,,,,,,13.9,,,,,,
108,LAE01,"Langtjern, utløp",2019-01-14 21:13:00,0.0,0.0,,,,,,,,14.5,,,,,,
108,LAE01,"Langtjern, utløp",2019-01-20 13:45:00,0.0,0.0,,,,,,,,13.4,,,,,,
108,LAE01,"Langtjern, utløp",2019-01-29 21:18:00,0.0,0.0,,,,,,,,13.6,,,,,,
108,LAE01,"Langtjern, utløp",2019-02-05 18:11:00,0.0,0.0,,,,,,,,14.1,,,,,,
108,LAE01,"Langtjern, utløp",2019-02-11 21:02:00,0.0,0.0,,,,,,,,13.8,,,,,,
108,LAE01,"Langtjern, utløp",2019-02-19 12:30:00,0.0,0.0,,,,,,,,13.5,,,,,,
108,LAE01,"Langtjern, utløp",2019-02-27 12:10:00,0.0,0.0,,,,,,,,12.7,,,,,,
108,LAE01,"Langtjern, utløp",2019-03-04 18:10:00,0.0,0.0,,,,,,,,13.8,,,,,,
108,LAE01,"Langtjern, utløp",2019-03-11 10:30:00,0.0,0.0,,,,,,,,12.5,,,,,,
108,LAE01,"Langtjern, utløp",2019-03-16 14:10:00,0.0,0.0,,,,,,,,12.3,,,,,,
108,LAE01,"Langtjern, utløp",2019-03-24 17:15:00,0.0,0.0,,,,,,,,11.9,,,,,,
108,LAE01,"Langtjern, utløp",2019-04-01 20:26:00,0.0,0.0,,,,,,,,14.2,,,,,,
108,LAE01,"Langtjern, utløp",2019-04-07 12:39:00,0.0,0.0,,,,,,,,12.8,,,,,,
108,LAE01,"Langtjern, utløp",2019-04-14 11:50:00,0.0,0.0,,,,,,,,12.3,,,,,,
108,LAE01,"Langtjern, utløp",2019-04-22 14:26:00,0.0,0.0,,,,,,,,10.8,,,,,,
108,LAE01,"Langtjern, utløp",2019-04-29 21:17:00,0.0,0.0,,,,,,,,8.9,,,,,,
108,LAE01,"Langtjern, utløp",2019-05-05 13:45:00,0.0,0.0,,,,,,,,9.9,,,,,,
108,LAE01,"Langtjern, utløp",2019-05-12 14:39:00,0.0,0.0,,,,,,,,9.4,,,,,,
108,LAE01,"Langtjern, utløp",2019-05-19 14:17:00,0.0,0.0,,,,,,,,8.5,,,,,,
108,LAE01,"Langtjern, utløp",2019-05-21 00:00:00,0.0,0.0,,,,,,,,,,,,,,
108,LAE01,"Langtjern, utløp",2019-05-26 13:49:00,0.0,0.0,,,,,,,,10.0,,,,,,
108,LAE01,"Langtjern, utløp",2019-06-02 14:04:00,0.0,0.0,,,,,,,,9.2,,,,,,
108,LAE01,"Langtjern, utløp",2019-06-07 00:00:00,0.0,0.0,,,,,,,,,,,,,,
108,LAE01,"Langtjern, utløp",2019-06-09 13:23:00,0.0,0.0,,,,,,,,10.0,,,,,,
108,LAE01,"Langtjern, utløp",2019-06-16 13:28:00,0.0,0.0,,,,,,,,10.3,,,,,,
108,LAE01,"Langtjern, utløp",2019-06-23 13:36:00,0.0,0.0,,,,,,,,10.8,,,,,,
108,LAE01,"Langtjern, utløp",2019-06-30 11:59:00,0.0,0.0,,,,,,,,10.7,,,,,,
108,LAE01,"Langtjern, utløp",2019-07-07 10:51:00,0.0,0.0,,,,,,,,10.2,,,,,,
108,LAE01,"Langtjern, utløp",2019-07-15 11:35:00,0.0,0.0,,,,,,,,9.9,,,,,,
108,LAE01,"Langtjern, utløp",2019-07-24 00:00:00,0.0,0.0,9.8,,,,,,,9.8,,,,,,
108,LAE01,"Langtjern, utløp",2019-07-28 12:50:00,0.0,0.0,,,,,,,,9.8,,,,,,
108,LAE01,"Langtjern, utløp",2019-08-04 10:48:00,0.0,0.0,,,,,,,,9.0,,,,,,
108,LAE01,"Langtjern, utløp",2019-08-11 14:30:00,0.0,0.0,,,,,,,,9.4,,,,,,
108,LAE01,"Langtjern, utløp",2019-08-18 11:39:00,0.0,0.0,,,,,,,,11.9,,,,,,
108,LAE01,"Langtjern, utløp",2019-08-25 00:00:00,0.0,0.0,,,,,,,,13.2,,,,,,
108,LAE01,"Langtjern, utløp",2019-09-01 00:00:00,0.0,0.0,,,,,,,,14.5,,,,,,
108,LAE01,"Langtjern, utløp",2019-09-08 09:51:00,0.0,0.0,,,,,,,,14.8,,,,,,
108,LAE01,"Langtjern, utløp",2019-09-15 14:58:00,0.0,0.0,,,,,,,,15.6,,,,,,
108,LAE01,"Langtjern, utløp",2019-09-22 15:03:00,0.0,0.0,,,,,,,,13.4,,,,,,
108,LAE01,"Langtjern, utløp",2019-09-29 10:50:00,0.0,0.0,,,,,,,,13.5,,,,,,
108,LAE01,"Langtjern, utløp",2019-10-06 11:10:00,0.0,0.0,,,,,,,,13.9,,,,,,
108,LAE01,"Langtjern, utløp",2019-10-13 00:00:00,0.0,0.0,,,,,,,,14.0,,,,,,
108,LAE01,"Langtjern, utløp",2019-10-20 13:17:00,0.0,0.0,,,,,,,,14.4,,,,,,
108,LAE01,"Langtjern, utløp",2019-10-27 12:45:00,0.0,0.0,,,,,,,,15.0,,,,,,
108,LAE01,"Langtjern, utløp",2019-11-03 14:51:00,0.0,0.0,,,,,,,,14.3,,,,,,
108,LAE01,"Langtjern, utløp",2019-11-10 13:41:00,0.0,0.0,,,,,,,,14.9,,,,,,
108,LAE01,"Langtjern, utløp",2019-11-17 15:08:00,0.0,0.0,,,,,,,,14.8,,,,,,
108,LAE01,"Langtjern, utløp",2019-11-25 20:50:00,0.0,0.0,,,,,,,,14.4,,,,,,
108,LAE01,"Langtjern, utløp",2019-12-02 21:35:00,0.0,0.0,,,,,,,,13.7,,,,,,
108,LAE01,"Langtjern, utløp",2019-12-09 20:00:00,0.0,0.0,,,,,,,,12.9,,,,,,
108,LAE01,"Langtjern, utløp",2019-12-16 20:52:00,0.0,0.0,,,,,,,,12.7,,,,,,
108,LAE01,"Langtjern, utløp",2019-12-22 15:10:00,0.0,0.0,,,,,,,,12.4,,,,,,
108,LAE01,"Langtjern, utløp",2019-12-28 14:51:00,0.0,0.0,,,,,,,,12.6,,,,,,
108,LAE01,"Langtjern, utløp",2020-01-06 21:20:00,0.0,0.0,,,,,,,,12.3,,,,,,
108,LAE01,"Langtjern, utløp",2020-01-13 20:55:00,0.0,0.0,,,,,,,,12.6,,,,,,
108,LAE01,"Langtjern, utløp",2020-01-20 19:48:00,0.0,0.0,,,,,,,,12.9,,,,,,
108,LAE01,"Langtjern, utløp",2020-01-28 16:18:00,0.0,0.0,,,,,,,,13.2,,,,,,
108,LAE01,"Langtjern, utløp",2020-02-02 13:40:00,0.0,0.0,,,,,,,,12.7,,,,,,
108,LAE01,"Langtjern, utløp",2020-02-11 21:20:00,0.0,0.0,,,,,,,,12.5,,,,,,
108,LAE01,"Langtjern, utløp",2020-02-18 17:00:00,0.0,0.0,,,,,,,,11.7,,,,,,
108,LAE01,"Langtjern, utløp",2020-02-24 17:15:00,0.0,0.0,,,,,,,,12.2,,,,,,
108,LAE01,"Langtjern, utløp",2020-03-02 19:10:00,0.0,0.0,,,,,,,,12.1,,,,,,
108,LAE01,"Langtjern, utløp",2020-03-08 14:00:00,0.0,0.0,,,,,,,,11.8,,,,,,
108,LAE01,"Langtjern, utløp",2020-03-15 16:00:00,0.0,0.0,,,,,,,,11.7,,,,,,
108,LAE01,"Langtjern, utløp",2020-03-22 14:30:00,0.0,0.0,,,,,,,,11.8,,,,,,
108,LAE01,"Langtjern, utløp",2020-03-30 16:45:00,0.0,0.0,,,,,,,,12.4,,,,,,
108,LAE01,"Langtjern, utløp",2020-04-04 13:22:00,0.0,0.0,,,,,,,,11.4,,,,,,
108,LAE01,"Langtjern, utløp",2020-04-14 20:45:00,0.0,0.0,,,,,,,,12.2,,,,,,
108,LAE01,"Langtjern, utløp",2020-04-20 19:00:00,0.0,0.0,,,,,,,,10.8,,,,,,
108,LAE01,"Langtjern, utløp",2020-04-28 19:33:00,0.0,0.0,,,,,,,,8.8,,,,,,
108,LAE01,"Langtjern, utløp",2020-05-05 20:00:00,0.0,0.0,,,,,,,,9.1,,,,,,
108,LAE01,"Langtjern, utløp",2020-05-11 16:06:00,0.0,0.0,,,,,,,,8.0,,,,,,
108,LAE01,"Langtjern, utløp",2020-05-19 14:39:00,0.0,0.0,,,,,,,,11.6,,,,,,
108,LAE01,"Langtjern, utløp",2020-05-25 14:19:00,0.0,0.0,,,,,,,,8.6,,,,,,
108,LAE01,"Langtjern, utløp",2020-05-31 12:40:00,0.0,0.0,,,,,,,,8.4,,,,,,
108,LAE01,"Langtjern, utløp",2020-06-08 17:56:00,0.0,0.0,,,,,,,,9.0,,,,,,
108,LAE01,"Langtjern, utløp",2020-06-14 12:12:00,0.0,0.0,,,,,,,,9.4,,,,,,
108,LAE01,"Langtjern, utløp",2020-06-22 18:04:00,0.0,0.0,,,,,,,,9.0,,,,,,
108,LAE01,"Langtjern, utløp",2020-06-29 10:56:00,0.0,0.0,,,,,,,,10.5,,,,,,
108,LAE01,"Langtjern, utløp",2020-07-05 16:02:00,0.0,0.0,,,,,,,,12.0,,,,,,
108,LAE01,"Langtjern, utløp",2020-07-12 14:17:00,0.0,0.0,,,,,,,,12.3,,,,,,
108,LAE01,"Langtjern, utløp",2020-07-19 12:37:00,0.0,0.0,,,,,,,,11.3,,,,,,
108,LAE01,"Langtjern, utløp",2020-07-25 10:22:00,0.0,0.0,,,,,,,,11.4,,,,,,
108,LAE01,"Langtjern, utløp",2020-08-03 11:10:00,0.0,0.0,,,,,,,,13.2,,,,,,
108,LAE01,"Langtjern, utløp",2020-08-09 16:00:00,0.0,0.0,,,,,,,,13.0,,,,,,
108,LAE01,"Langtjern, utløp",2020-08-17 16:45:00,0.0,0.0,,,,,,,,11.2,,,,,,
108,LAE01,"Langtjern, utløp",2020-08-22 17:22:00,0.0,0.0,,,,,,,,12.1,,,,,,
108,LAE01,"Langtjern, utløp",2020-08-29 12:47:00,0.0,0.0,,,,,,,,13.4,,,,,,
108,LAE01,"Langtjern, utløp",2020-09-05 15:51:00,0.0,0.0,,,,,,,,12.3,,,,,,
108,LAE01,"Langtjern, utløp",2020-09-13 12:25:00,0.0,0.0,,,,,,,,11.6,,,,,,
108,LAE01,"Langtjern, utløp",2020-09-20 11:29:00,0.0,0.0,,,,,,,,11.5,,,,,,
108,LAE01,"Langtjern, utløp",2020-09-27 10:58:00,0.0,0.0,,,,,,,,12.0,,,,,,
108,LAE01,"Langtjern, utløp",2020-10-04 08:48:00,0.0,0.0,,,,,,,,12.6,,,,,,
108,LAE01,"Langtjern, utløp",2020-10-12 10:56:00,0.0,0.0,,,,,,,,13.2,,,,,,
108,LAE01,"Langtjern, utløp",2020-10-18 13:32:00,0.0,0.0,,,,,,,,13.1,,,,,,
108,LAE01,"Langtjern, utløp",2020-10-25 15:47:00,0.0,0.0,,,,,,,,13.0,,,,,,
108,LAE01,"Langtjern, utløp",2020-11-01 15:16:00,0.0,0.0,,,,,,,,12.2,,,,,,
108,LAE01,"Langtjern, utløp",2020-11-08 00:00:00,0.0,0.0,,,,,,,,11.8,,,,,,
108,LAE01,"Langtjern, utløp",2020-11-14 14:45:00,0.0,0.0,,,,,,,,12.1,,,,,,
108,LAE01,"Langtjern, utløp",2020-11-22 14:36:00,0.0,0.0,,,,,,,,11.7,,,,,,
108,LAE01,"Langtjern, utløp",2020-11-29 13:40:00,0.0,0.0,,,,,,,,13.0,,,,,,
108,LAE01,"Langtjern, utløp",2020-12-07 20:20:00,0.0,0.0,,,,,,,,12.1,,,,,,
108,LAE01,"Langtjern, utløp",2020-12-15 20:20:00,0.0,0.0,,,,,,,,11.6,,,,,,
108,LAE01,"Langtjern, utløp",2020-12-20 17:45:00,0.0,0.0,,,,,,,,11.6,,,,,,
108,LAE01,"Langtjern, utløp",2020-12-30 00:00:00,0.0,0.0,,,,,,,,10.6,,,,,,
108,LAE01,"Langtjern, utløp",2021-01-04 00:00:00,0.0,0.0,,,,,,,,10.1,,,,,,
108,LAE01,"Langtjern, utløp",2021-01-11 07:00:00,0.0,0.0,,,,,,,,10.3,,,,,,
108,LAE01,"Langtjern, utløp",2021-01-18 17:20:00,0.0,0.0,,,,,,,,10.4,,,,,,
108,LAE01,"Langtjern, utløp",2021-01-26 00:00:00,0.0,0.0,,,,,,,,10.2,,,,,,
108,LAE01,"Langtjern, utløp",2021-02-01 14:19:00,0.0,0.0,,,,,,,,10.7,,,,,,
108,LAE01,"Langtjern, utløp",2021-02-08 20:30:00,0.0,0.0,,,,,,,,10.5,,,,,,
108,LAE01,"Langtjern, utløp",2021-02-14 14:35:00,0.0,0.0,,,,,,,,10.5,,,,,,
108,LAE01,"Langtjern, utløp",2021-02-22 00:00:00,0.0,0.0,,,,,,,,10.5,,,,,,
108,LAE01,"Langtjern, utløp",2021-03-02 16:44:00,0.0,0.0,,,,,,,,10.8,,,,,,
108,LAE01,"Langtjern, utløp",2021-03-07 12:00:00,0.0,0.0,,,,,,,,10.4,,,,,,
108,LAE01,"Langtjern, utløp",2021-03-15 19:30:00,0.0,0.0,,,,,,,,10.9,,,,,,
108,LAE01,"Langtjern, utløp",2021-03-22 19:45:00,0.0,0.0,,,,,,,,11.1,,,,,,
108,LAE01,"Langtjern, utløp",2021-03-28 13:28:00,0.0,0.0,,,,,,,,11.1,,,,,,
108,LAE01,"Langtjern, utløp",2021-04-06 00:00:00,0.0,0.0,,,,,,,,11.0,,,,,,
108,LAE01,"Langtjern, utløp",2021-04-13 20:30:00,0.0,0.0,,,,,,,,10.5,,,,,,
108,LAE01,"Langtjern, utløp",2021-04-19 21:17:00,0.0,0.0,,,,,,,,10.5,,,,,,
108,LAE01,"Langtjern, utløp",2021-04-25 12:30:00,0.0,0.0,,,,,,,,9.5,,,,,,
108,LAE01,"Langtjern, utløp",2021-05-03 19:50:00,0.0,0.0,,,,,,,,8.6,,,,,,
108,LAE01,"Langtjern, utløp",2021-05-10 20:50:00,0.0,0.0,,,,,,,,7.7,,,,,,
108,LAE01,"Langtjern, utløp",2021-05-18 19:44:00,0.0,0.0,,,,,,,,7.1,,,,,,
108,LAE01,"Langtjern, utløp",2021-05-25 00:00:00,0.0,0.0,,,,,,,,7.5,,,,,,
108,LAE01,"Langtjern, utløp",2021-05-31 20:50:00,0.0,0.0,,,,,,,,7.8,,,,,,
108,LAE01,"Langtjern, utløp",2021-06-08 19:20:00,0.0,0.0,,,,,,,,6.9,,,,,,
108,LAE01,"Langtjern, utløp",2021-06-14 12:47:00,0.0,0.0,,,,,,,,6.7,,,,,,
108,LAE01,"Langtjern, utløp",2021-06-21 12:34:00,0.0,0.0,,,,,,,,6.5,,,,,,
108,LAE01,"Langtjern, utløp",2021-06-27 11:59:00,0.0,0.0,,,,,,,,7.0,,,,,,
108,LAE01,"Langtjern, utløp",2021-07-04 16:48:00,0.0,0.0,,,,,,,,6.4,,,,,,
108,LAE01,"Langtjern, utløp",2021-07-12 14:57:00,0.0,0.0,,,,,,,,7.0,,,,,,
108,LAE01,"Langtjern, utløp",2021-07-20 13:35:00,0.0,0.0,,,,,,,,7.5,,,,,,
108,LAE01,"Langtjern, utløp",2021-07-26 13:00:00,0.0,0.0,,,,,,,,7.8,,,,,,
108,LAE01,"Langtjern, utløp",2021-08-01 15:27:00,0.0,0.0,,,,,,,,9.4,,,,,,
108,LAE01,"Langtjern, utløp",2021-08-08 14:36:00,0.0,0.0,,,,,,,,9.9,,,,,,
108,LAE01,"Langtjern, utløp",2021-08-15 14:45:00,0.0,0.0,,,,,,,,10.2,,,,,,
108,LAE01,"Langtjern, utløp",2021-08-22 00:00:00,0.0,0.0,,,,,,,,9.8,,,,,,
108,LAE01,"Langtjern, utløp",2021-08-31 00:00:00,0.0,0.0,,,,,,,,9.3,,,,,,
108,LAE01,"Langtjern, utløp",2021-09-06 11:53:00,0.0,0.0,,,,,,,,8.9,,,,,,
108,LAE01,"Langtjern, utløp",2021-09-12 12:09:00,0.0,0.0,,,,,,,,8.5,,,,,,
108,LAE01,"Langtjern, utløp",2021-09-19 11:07:00,0.0,0.0,,,,,,,,8.8,,,,,,
108,LAE01,"Langtjern, utløp",2021-09-26 10:42:00,0.0,0.0,,,,,,,,8.4,,,,,,
108,LAE01,"Langtjern, utløp",2021-10-02 16:07:00,0.0,0.0,,,,,,,,12.0,,,,,,
108,LAE01,"Langtjern, utløp",2021-10-10 13:58:00,0.0,0.0,,,,,,,,12.0,,,,,,
108,LAE01,"Langtjern, utløp",2021-10-17 16:45:00,0.0,0.0,,,,,,,,11.9,,,,,,
108,LAE01,"Langtjern, utløp",2021-10-25 14:17:00,0.0,0.0,,,,,,,,11.6,,,,,,
108,LAE01,"Langtjern, utløp",2021-10-31 15:07:00,0.0,0.0,,,,,,,,13.0,,,,,,
108,LAE01,"Langtjern, utløp",2021-11-08 15:16:00,0.0,0.0,,,,,,,,12.3,,,,,,
108,LAE01,"Langtjern, utløp",2021-11-14 14:52:00,0.0,0.0,,,,,,,,12.1,,,,,,
108,LAE01,"Langtjern, utløp",2021-11-21 12:48:00,0.0,0.0,,,,,,,,12.0,,,,,,
108,LAE01,"Langtjern, utløp",2021-11-27 00:00:00,0.0,0.0,,,,,,,,12.7,,,,,,
108,LAE01,"Langtjern, utløp",2021-12-05 14:20:00,0.0,0.0,,,,,,,,13.3,,,,,,
108,LAE01,"Langtjern, utløp",2021-12-13 19:30:00,0.0,0.0,,,,,,,,13.2,,,,,,
108,LAE01,"Langtjern, utløp",2021-12-20 15:30:00,0.0,0.0,,,,,,,,12.6,,,,,,
108,LAE01,"Langtjern, utløp",2021-12-29 20:22:00,0.0,0.0,,,,,,,,13.2,,,,,,
108,LAE01,"Langtjern, utløp",2022-01-04 21:15:00,0.0,0.0,,,,,,,,13.3,,,,,,
108,LAE01,"Langtjern, utløp",2022-01-11 21:30:00,0.0,0.0,,,,,,,,13.1,,,,,,
108,LAE01,"Langtjern, utløp",2022-01-16 14:30:00,0.0,0.0,,,,,,,,13.2,,,,,,
108,LAE01,"Langtjern, utløp",2022-01-22 15:34:00,0.0,0.0,,,,,,,,13.2,,,,,,
108,LAE01,"Langtjern, utløp",2022-01-29 15:21:00,0.0,0.0,,,,,,,,13.3,,,,,,
108,LAE01,"Langtjern, utløp",2022-02-05 22:09:00,0.0,0.0,,,,,,,,13.5,,,,,,
108,LAE01,"Langtjern, utløp",2022-02-12 13:15:00,0.0,0.0,,,,,,,,13.5,,,,,,
108,LAE01,"Langtjern, utløp",2022-02-19 16:50:00,0.0,0.0,,,,,,,,12.9,,,,,,
108,LAE01,"Langtjern, utløp",2022-02-26 17:10:00,0.0,0.0,,,,,,,,13.0,,,,,,
108,LAE01,"Langtjern, utløp",2022-03-05 14:00:00,0.0,0.0,,,,,,,,12.8,,,,,,
108,LAE01,"Langtjern, utløp",2022-03-13 10:00:00,0.0,0.0,,,,,,,,12.8,,,,,,
108,LAE01,"Langtjern, utløp",2022-03-19 17:26:00,0.0,0.0,,,,,,,,12.4,,,,,,
108,LAE01,"Langtjern, utløp",2022-03-27 00:00:00,0.0,0.0,,,,,,,,12.6,,,,,,
108,LAE01,"Langtjern, utløp",2022-04-02 15:28:00,0.0,0.0,,,,,,,,11.9,,,,,,
108,LAE01,"Langtjern, utløp",2022-04-09 16:08:00,0.0,0.0,,,,,,,,12.2,,,,,,
108,LAE01,"Langtjern, utløp",2022-04-18 17:36:00,0.0,0.0,,,,,,,,11.8,,,,,,
108,LAE01,"Langtjern, utløp",2022-04-25 18:57:00,0.0,0.0,,,,,,,,8.6,,,,,,
108,LAE01,"Langtjern, utløp",2022-05-01 13:44:00,0.0,0.0,,,,,,,,8.4,,,,,,
108,LAE01,"Langtjern, utløp",2022-05-09 14:57:00,0.0,0.0,,,,,,,,9.7,,,,,,
108,LAE01,"Langtjern, utløp",2022-05-16 14:26:00,0.0,0.0,,,,,,,,9.8,,,,,,
108,LAE01,"Langtjern, utløp",2022-05-23 14:37:00,0.0,0.0,,,,,,,,9.4,,,,,,
108,LAE01,"Langtjern, utløp",2022-05-28 00:00:00,0.0,0.0,,,,,,,,10.3,,,,,,
108,LAE01,"Langtjern, utløp",2022-06-06 13:48:00,0.0,0.0,,,,,,,,10.1,,,,,,
108,LAE01,"Langtjern, utløp",2022-06-12 00:00:00,0.0,0.0,,,,,,,,10.7,,,,,,
108,LAE01,"Langtjern, utløp",2022-06-19 18:22:00,0.0,0.0,,,,,,,,11.3,,,,,,
108,LAE01,"Langtjern, utløp",2022-06-26 00:00:00,0.0,0.0,,,,,,,,11.4,,,,,,
108,LAE01,"Langtjern, utløp",2022-07-03 00:00:00,0.0,0.0,,,,,,,,10.6,,,,,,
108,LAE01,"Langtjern, utløp",2022-07-10 14:33:00,0.0,0.0,,,,,,,,10.2,,,,,,
108,LAE01,"Langtjern, utløp",2022-07-17 16:37:00,0.0,0.0,,,,,,,,10.1,,,,,,
108,LAE01,"Langtjern, utløp",2022-07-24 16:45:00,0.0,0.0,,,,,,,,10.0,,,,,,
108,LAE01,"Langtjern, utløp",2022-07-31 14:32:00,0.0,0.0,,,,,,,,9.7,,,,,,
108,LAE01,"Langtjern, utløp",2022-08-07 14:16:00,0.0,0.0,,,,,,,,9.7,,,,,,
108,LAE01,"Langtjern, utløp",2022-08-14 19:09:00,0.0,0.0,,,,,,,,9.7,,,,,,
108,LAE01,"Langtjern, utløp",2022-08-21 14:33:00,0.0,0.0,,,,,,,,9.7,,,,,,
108,LAE01,"Langtjern, utløp",2022-08-31 12:27:00,0.0,0.0,,,,,,,,9.2,,,,,,
108,LAE01,"Langtjern, utløp",2022-09-04 15:37:00,0.0,0.0,,,,,,,,9.4,,,,,,
108,LAE01,"Langtjern, utløp",2022-09-11 09:10:00,0.0,0.0,,,,,,,,8.9,,,,,,
108,LAE01,"Langtjern, utløp",2022-09-18 13:45:00,0.0,0.0,,,,,,,,10.2,,,,,,
108,LAE01,"Langtjern, utløp",2022-09-28 00:00:00,0.0,0.0,,,,,,,,13.2,,,,,,
108,LAE01,"Langtjern, utløp",2022-10-03 13:57:00,0.0,0.0,,,,,,,,14.6,,,,,,
108,LAE01,"Langtjern, utløp",2022-10-09 13:30:00,0.0,0.0,,,,,,,,14.5,,,,,,
108,LAE01,"Langtjern, utløp",2022-10-16 09:10:00,0.0,0.0,,,,,,,,14.6,,,,,,
108,LAE01,"Langtjern, utløp",2022-10-31 14:45:00,0.0,0.0,,,,,,,,15.1,,,,,,
108,LAE01,"Langtjern, utløp",2022-11-07 17:30:00,0.0,0.0,,,,,,,,14.3,,,,,,
108,LAE01,"Langtjern, utløp",2022-11-14 00:00:00,0.0,0.0,,,,,,,,13.7,,,,,,
108,LAE01,"Langtjern, utløp",2022-11-23 19:30:00,0.0,0.0,,,,,,,,14.4,,,,,,
108,LAE01,"Langtjern, utløp",2022-11-30 19:49:00,0.0,0.0,,,,,,,,13.5,,,,,,
108,LAE01,"Langtjern, utløp",2022-12-07 13:30:00,0.0,0.0,,,,,,,,13.6,,,,,,
108,LAE01,"Langtjern, utløp",2022-12-12 20:30:00,0.0,0.0,,,,,,,,14.9,,,,,,
108,LAE01,"Langtjern, utløp",2022-12-20 00:00:00,0.0,0.0,,,,,,,,15.6,,,,,,
108,LAE01,"Langtjern, utløp",2022-12-27 18:05:00,0.0,0.0,,,,,,,,14.8,,,,,,
108,LAE01,"Langtjern, utløp",2023-01-01 13:45:00,0.0,0.0,,,,,,,,14.4,,,,,,
108,LAE01,"Langtjern, utløp",2023-01-10 19:00:00,0.0,0.0,,,,,,,,14.5,,,,,,
108,LAE01,"Langtjern, utløp",2023-01-16 21:15:00,0.0,0.0,,,,,,,,13.6,,,,,,
108,LAE01,"Langtjern, utløp",2023-01-22 12:55:00,0.0,0.0,,,,,,,,13.2,,,,,,
108,LAE01,"Langtjern, utløp",2023-01-30 21:24:00,0.0,0.0,,,,,,,,13.1,,,,,,
108,LAE01,"Langtjern, utløp",2023-02-06 21:15:00,0.0,0.0,,,,,,,,12.4,,,,,,
108,LAE01,"Langtjern, utløp",2023-02-12 00:00:00,0.0,0.0,,,,,,,,12.2,,,,,,
108,LAE01,"Langtjern, utløp",2023-02-20 21:15:00,0.0,0.0,,,,,,,,12.3,,,,,,
108,LAE01,"Langtjern, utløp",2023-02-27 20:05:00,0.0,0.0,,,,,,,,12.3,,,,,,
108,LAE01,"Langtjern, utløp",2023-03-06 21:30:00,0.0,0.0,,,,,,,,12.3,,,,,,
108,LAE01,"Langtjern, utløp",2023-03-12 18:30:00,0.0,0.0,,,,,,,,12.5,,,,,,
108,LAE01,"Langtjern, utløp",2023-03-20 19:00:00,0.0,0.0,,,,,,,,12.6,,,,,,
108,LAE01,"Langtjern, utløp",2023-03-27 17:52:00,0.0,0.0,,,,,,,,12.4,,,,,,
108,LAE01,"Langtjern, utløp",2023-04-03 17:30:00,0.0,0.0,,,,,,,,12.8,,,,,,
108,LAE01,"Langtjern, utløp",2023-04-11 20:10:00,0.0,0.0,,,,,,,,12.9,,,,,,
108,LAE01,"Langtjern, utløp",2023-04-17 19:30:00,0.0,0.0,,,,,,,,13.0,,,,,,
108,LAE01,"Langtjern, utløp",2023-04-24 17:55:00,0.0,0.0,,,,,,,,8.9,,,,,,
108,LAE01,"Langtjern, utløp",2023-05-01 14:30:00,0.0,0.0,,,,,,,,8.3,,,,,,
108,LAE01,"Langtjern, utløp",2023-05-09 19:00:00,0.0,0.0,,,,,,,,8.3,,,,,,
108,LAE01,"Langtjern, utløp",2023-05-15 18:30:00,0.0,0.0,,,,,,,,7.0,,,,,,
108,LAE01,"Langtjern, utløp",2023-05-23 18:30:00,0.0,0.0,,,,,,,,7.0,,,,,,
108,LAE01,"Langtjern, utløp",2023-05-29 12:01:00,0.0,0.0,,,,,,,,11.6,,,,,,
108,LAE01,"Langtjern, utløp",2023-06-05 19:30:00,0.0,0.0,,,,,,,,7.1,,,,,,
108,LAE01,"Langtjern, utløp",2023-06-12 19:30:00,0.0,0.0,,,,,,,,7.1,,,,,,
108,LAE01,"Langtjern, utløp",2023-06-19 20:15:00,0.0,0.0,,,,,,,,7.4,,,,,,
108,LAE01,"Langtjern, utløp",2023-06-25 17:00:00,0.0,0.0,,,,,,,,7.0,,,,,,
108,LAE01,"Langtjern, utløp",2023-07-03 19:30:00,0.0,0.0,,,,,,,,7.3,,,,,,
108,LAE01,"Langtjern, utløp",2023-07-10 12:20:00,0.0,0.0,,,,,,,,9.3,,,,,,
108,LAE01,"Langtjern, utløp",2023-07-17 11:15:00,0.0,0.0,,,,,,,,12.1,,,,,,
108,LAE01,"Langtjern, utløp",2023-07-23 16:00:00,0.0,0.0,,,,,,,,11.6,,,,,,
108,LAE01,"Langtjern, utløp",2023-07-29 18:50:00,0.0,0.0,,,,,,,,11.9,,,,,,
108,LAE01,"Langtjern, utløp",2023-08-08 19:30:00,0.0,0.0,,,,,,,,13.6,,,,,,
108,LAE01,"Langtjern, utløp",2023-08-15 19:15:00,0.0,0.0,,,,,,,,12.8,,,,,,
108,LAE01,"Langtjern, utløp",2023-08-21 19:35:00,0.0,0.0,,,,,,,,15.0,,,,,,
108,LAE01,"Langtjern, utløp",2023-08-28 18:20:00,0.0,0.0,,,,,,,,15.0,,,,,,
108,LAE01,"Langtjern, utløp",2023-09-03 17:30:00,0.0,0.0,,,,,,,,14.4,,,,,,
108,LAE01,"Langtjern, utløp",2023-09-10 13:00:00,0.0,0.0,,,,,,,,12.0,,,,,,
108,LAE01,"Langtjern, utløp",2023-09-17 00:00:00,0.0,0.0,,,,,,,,13.1,,,,,,
108,LAE01,"Langtjern, utløp",2023-09-24 00:00:00,0.0,0.0,,,,,,,,13.5,,,,,,
108,LAE01,"Langtjern, utløp",2023-10-02 11:15:00,0.0,0.0,,,,,,,,13.7,,,,,,
108,LAE01,"Langtjern, utløp",2023-10-08 00:00:00,0.0,0.0,,,,,,,,13.8,,,,,,
108,LAE01,"Langtjern, utløp",2023-10-16 14:35:00,0.0,0.0,,,,,,,,12.0,,,,,,
108,LAE01,"Langtjern, utløp",2023-10-22 11:48:00,0.0,0.0,,,,,,,,13.3,,,,,,
108,LAE01,"Langtjern, utløp",2023-10-31 14:18:00,0.0,0.0,,,,,,,,13.9,,,,,,
108,LAE01,"Langtjern, utløp",2023-11-06 12:30:00,0.0,0.0,,,,,,,,12.5,,,,,,
108,LAE01,"Langtjern, utløp",2023-11-12 15:00:00,0.0,0.0,,,,,,,,12.8,,,,,,
108,LAE01,"Langtjern, utløp",2023-11-18 16:36:00,0.0,0.0,,,,,,,,12.9,,,,,,
108,LAE01,"Langtjern, utløp",2023-11-27 18:30:00,0.0,0.0,,,,,,,,13.1,,,,,,
108,LAE01,"Langtjern, utløp",2023-12-04 15:30:00,0.0,0.0,,,,,,,,13.5,,,,,,
108,LAE01,"Langtjern, utløp",2023-12-10 14:30:00,0.0,0.0,,,,,,,,13.4,,,,,,
108,LAE01,"Langtjern, utløp",2023-12-18 00:00:00,0.0,0.0,,,,,,,,13.1,,,,,,
108,LAE01,"Langtjern, utløp",2023-12-25 00:00:00,0.0,0.0,,,,,,,,12.9,,,,,,
108,LAE01,"Langtjern, utløp",2024-01-02 14:15:00,0.0,0.0,,,,,,,,11.8,,,,,,
108,LAE01,"Langtjern, utløp",2024-01-08 13:45:00,0.0,0.0,,,,,,,,12.1,,,,,,
108,LAE01,"Langtjern, utløp",2024-01-14 15:35:00,0.0,0.0,,,,,,,,12.2,,,,,,
108,LAE01,"Langtjern, utløp",2024-01-20 15:15:00,0.0,0.0,,,,,,,,12.0,,,,,,
108,LAE01,"Langtjern, utløp",2024-02-05 19:15:00,0.0,0.0,,,,,,,,11.8,,,,,,
108,LAE01,"Langtjern, utløp",2024-02-13 14:00:00,0.0,0.0,,,,,,,,12.1,,,,,,
108,LAE01,"Langtjern, utløp",2024-02-15 14:00:00,0.0,0.0,,,,,,,,11.7,,,,,,
108,LAE01,"Langtjern, utløp",2024-02-18 14:30:00,0.0,0.0,,,,,,,,11.7,,,,,,
108,LAE01,"Langtjern, utløp",2024-02-26 12:45:00,0.0,0.0,,,,,,,,12.1,,,,,,
108,LAE01,"Langtjern, utløp",2024-03-04 12:30:00,0.0,0.0,,,,,,,,12.3,,,,,,
108,LAE01,"Langtjern, utløp",2024-03-11 12:32:00,0.0,0.0,,,,,,,,11.8,,,,,,
108,LAE01,"Langtjern, utløp",2024-03-18 17:50:00,0.0,0.0,,,,,,,,11.4,,,,,,
108,LAE01,"Langtjern, utløp",2024-03-25 16:27:00,0.0,0.0,,,,,,,,12.3,,,,,,
108,LAE01,"Langtjern, utløp",2024-04-01 17:24:00,0.0,0.0,,,,,,,,11.8,,,,,,
108,LAE01,"Langtjern, utløp",2024-04-08 14:30:00,0.0,0.0,,,,,,,,10.9,,,,,,
108,LAE01,"Langtjern, utløp",2024-04-15 14:30:00,0.0,0.0,,,,,,,,8.4,,,,,,
108,LAE01,"Langtjern, utløp",2024-04-22 17:30:00,0.0,0.0,,,,,,,,8.3,,,,,,
108,LAE01,"Langtjern, utløp",2024-04-29 09:25:00,0.0,0.0,,,,,,,,8.2,,,,,,
108,LAE01,"Langtjern, utløp",2024-05-06 00:00:00,0.0,0.0,,,,,,,,8.4,,,,,,
108,LAE01,"Langtjern, utløp",2024-05-13 09:35:00,0.0,0.0,,,,,,,,7.4,,,,,,
108,LAE01,"Langtjern, utløp",2024-05-20 16:36:00,0.0,0.0,,,,,,,,7.5,,,,,,
108,LAE01,"Langtjern, utløp",2024-05-27 13:15:00,0.0,0.0,,,,,,,,7.9,,,,,,
108,LAE01,"Langtjern, utløp",2024-06-03 13:40:00,0.0,0.0,,,,,,,,10.2,,,,,,
108,LAE01,"Langtjern, utløp",2024-06-10 08:30:00,0.0,0.0,,,,,,,,9.6,,,,,,
108,LAE01,"Langtjern, utløp",2024-06-17 23:08:00,0.0,0.0,,,,,,,,11.0,,,,,,
108,LAE01,"Langtjern, utløp",2024-06-23 14:40:00,0.0,0.0,,,,,,,,11.5,,,,,,
108,LAE01,"Langtjern, utløp",2024-07-01 21:30:00,0.0,0.0,,,,,,,,10.6,,,,,,
108,LAE01,"Langtjern, utløp",2024-07-08 13:46:00,0.0,0.0,,,,,,,,10.6,,,,,,
108,LAE01,"Langtjern, utløp",2024-07-15 00:00:00,0.0,0.0,,,,,,,,10.6,,,,,,
108,LAE01,"Langtjern, utløp",2024-07-23 11:30:00,0.0,0.0,,,,,,,,12.2,,,,,,
108,LAE01,"Langtjern, utløp",2024-07-29 12:40:00,0.0,0.0,,,,,,,,13.2,,,,,,
108,LAE01,"Langtjern, utløp",2024-08-05 16:15:00,0.0,0.0,,,,,,,,12.6,,,,,,
108,LAE01,"Langtjern, utløp",2024-08-12 14:30:00,0.0,0.0,,,,,,,,14.0,,,,,,
108,LAE01,"Langtjern, utløp",2024-08-19 17:35:00,0.0,0.0,,,,,,,,13.2,,,,,,
108,LAE01,"Langtjern, utløp",2024-08-26 00:00:00,0.0,0.0,,,,,,,,14.3,,,,,,
108,LAE01,"Langtjern, utløp",2024-09-02 18:30:00,0.0,0.0,,,,,,,,13.9,,,,,,
108,LAE01,"Langtjern, utløp",2024-09-08 16:45:00,0.0,0.0,,,,,,,,13.6,,,,,,
108,LAE01,"Langtjern, utløp",2024-09-16 16:30:00,0.0,0.0,,,,,,,,13.6,,,,,,
108,LAE01,"Langtjern, utløp",2024-09-22 14:30:00,0.0,0.0,,,,,,,,13.7,,,,,,
108,LAE01,"Langtjern, utløp",2024-09-30 17:25:00,0.0,0.0,,,,,,,,13.4,,,,,,
108,LAE01,"Langtjern, utløp",2024-10-07 08:35:00,0.0,0.0,,,,,,,,13.0,,,,,,
108,LAE01,"Langtjern, utløp",2024-10-13 13:00:00,0.0,0.0,,,,,,,,12.8,,,,,,
108,LAE01,"Langtjern, utløp",2024-10-21 17:45:00,0.0,0.0,,,,,,,,12.7,,,,,,
108,LAE01,"Langtjern, utløp",2024-10-28 11:50:00,0.0,0.0,,,,,,,,12.3,,,,,,
108,LAE01,"Langtjern, utløp",2024-11-04 17:05:00,0.0,0.0,,,,,,,,12.4,,,,,,
108,LAE01,"Langtjern, utløp",2024-11-10 16:05:00,0.0,0.0,,,,,,,,12.4,,,,,,
108,LAE01,"Langtjern, utløp",2024-11-18 14:35:00,0.0,0.0,,,,,,,,12.4,,,,,,
108,LAE01,"Langtjern, utløp",2024-11-24 15:45:00,0.0,0.0,,,,,,,,13.5,,,,,,
108,LAE01,"Langtjern, utløp",2024-12-02 12:00:00,0.0,0.0,,,,,,,,13.2,,,,,,
108,LAE01,"Langtjern, utløp",2024-12-09 20:30:00,0.0,0.0,,,,,,,,13.5,,,,,,
108,LAE01,"Langtjern, utløp",2024-12-16 00:00:00,0.0,0.0,,,,,,,,13.4,,,,,,
108,LAE01,"Langtjern, utløp",2024-12-23 10:45:00,0.0,0.0,,,,,,,,12.8,,,,,,
108,LAE01,"Langtjern, utløp",2024-12-30 10:41:00,0.0,0.0,,,,,,,,13.0,,,,,,
108,LAE01,"Langtjern, utløp",2025-01-06 09:35:00,0.0,0.0,,,,,,,,12.7,,,,,,
108,LAE01,"Langtjern, utløp",2025-01-13 14:45:00,0.0,0.0,,,,,,,,12.6,,,,,,
108,LAE01,"Langtjern, utløp",2025-01-20 14:14:00,0.0,0.0,,,,,,,,12.0,,,,,,
108,LAE01,"Langtjern, utløp",2025-01-27 12:15:00,0.0,0.0,,,,,,,,12.0,,,,,,
108,LAE01,"Langtjern, utløp",2025-02-03 16:45:00,0.0,0.0,,,,,,,,11.9,,,,,,
108,LAE01,"Langtjern, utløp",2025-02-10 17:30:00,0.0,0.0,,,,,,,,11.8,,,,,,
108,LAE01,"Langtjern, utløp",2025-02-17 12:15:00,0.0,0.0,,,,,,,,11.7,,,,,,
108,LAE01,"Langtjern, utløp",2025-02-24 16:20:00,0.0,0.0,,,,,,,,12.0,,,,,,
108,LAE01,"Langtjern, utløp",2025-03-03 10:30:00,0.0,0.0,,,,,,,,12.4,,,,,,
108,LAE01,"Langtjern, utløp",2025-03-10 17:30:00,0.0,0.0,,,,,,,,12.0,,,,,,
108,LAE01,"Langtjern, utløp",2025-03-17 17:45:00,0.0,0.0,,,,,,,,10.7,,,,,,
108,LAE01,"Langtjern, utløp",2025-03-24 17:35:00,0.0,0.0,,,,,,,,11.0,,,,,,
108,LAE01,"Langtjern, utløp",2025-03-31 16:45:00,0.0,0.0,,,,,,,,11.3,,,,,,
108,LAE01,"Langtjern, utløp",2025-04-07 18:35:00,0.0,0.0,,,,,,,,9.1,,,,,,
108,LAE01,"Langtjern, utløp",2025-04-13 19:10:00,0.0,0.0,,,,,,,,9.3,,,,,,
108,LAE01,"Langtjern, utløp",2025-04-21 12:15:00,0.0,0.0,,,,,,,,10.0,,,,,,
108,LAE01,"Langtjern, utløp",2025-04-28 18:05:00,0.0,0.0,,,,,,,,9.2,,,,,,
108,LAE01,"Langtjern, utløp",2025-05-05 18:45:00,0.0,0.0,,,,,,,,9.1,,,,,,
108,LAE01,"Langtjern, utløp",2025-05-12 17:35:00,0.0,0.0,,,,,,,,9.1,,,,,,
108,LAE01,"Langtjern, utløp",2025-05-19 19:45:00,0.0,0.0,,,,,,,,8.7,,,,,,
108,LAE01,"Langtjern, utløp",2025-05-26 14:50:00,0.0,0.0,,,,,,,,9.0,,,,,,
108,LAE01,"Langtjern, utløp",2025-06-02 10:45:00,0.0,0.0,,,,,,,,8.3,,,,,,
108,LAE01,"Langtjern, utløp",2025-06-09 13:50:00,0.0,0.0,,,,,,,,9.4,,,,,,
108,LAE01,"Langtjern, utløp",2025-06-16 08:45:00,0.0,0.0,,,,,,,,9.5,,,,,,
108,LAE01,"Langtjern, utløp",2025-06-23 07:15:00,0.0,0.0,,,,,,,,9.3,,,,,,
108,LAE01,"Langtjern, utløp",2025-06-30 07:25:00,0.0,0.0,,,,,,,,9.1,,,,,,
108,LAE01,"Langtjern, utløp",2025-07-06 15:20:00,0.0,0.0,,,,,,,,8.7,,,,,,
108,LAE01,"Langtjern, utløp",2025-07-14 08:45:00,0.0,0.0,,,,,,,,8.9,,,,,,
108,LAE01,"Langtjern, utløp",2025-07-21 19:35:00,0.0,0.0,,,,,,,,11.1,,,,,,
108,LAE01,"Langtjern, utløp",2025-07-28 16:50:00,0.0,0.0,,,,,,,,11.2,,,,,,
108,LAE01,"Langtjern, utløp",2025-08-04 17:35:00,0.0,0.0,,,,,,,,11.3,,,,,,
108,LAE01,"Langtjern, utløp",2025-08-11 18:15:00,0.0,0.0,,,,,,,,11.3,,,,,,
108,LAE01,"Langtjern, utløp",2025-08-18 09:30:00,0.0,0.0,,,,,,,,10.9,,,,,,
108,LAE01,"Langtjern, utløp",2025-08-25 08:56:00,0.0,0.0,,,,,,,,10.8,,,,,,
108,LAE01,"Langtjern, utløp",2025-08-31 12:50:00,0.0,0.0,,,,,,,,10.2,,,,,,
108,LAE01,"Langtjern, utløp",2025-09-08 08:30:00,0.0,0.0,,,,,,,,12.6,,,,,,
108,LAE01,"Langtjern, utløp",2025-09-15 07:45:00,0.0,0.0,,,,,,,,14.8,,,,,,
108,LAE01,"Langtjern, utløp",2025-09-22 09:35:00,0.0,0.0,,,,,,,,15.4,,,,,,
108,LAE01,"Langtjern, utløp",2025-09-30 13:50:00,0.0,0.0,,,,,,,,14.9,,,,,,
108,LAE01,"Langtjern, utløp",2025-10-06 17:05:00,0.0,0.0,,,,,,,,14.5,,,,,,
108,LAE01,"Langtjern, utløp",2025-10-12 15:40:00,0.0,0.0,,,,,,,,14.3,,,,,,
108,LAE01,"Langtjern, utløp",2025-10-20 08:45:00,0.0,0.0,,,,,,,,14.4,,,,,,
108,LAE01,"Langtjern, utløp",2025-10-28 09:45:00,0.0,0.0,,,,,,,,14.0,,,,,,
108,LAE01,"Langtjern, utløp",2025-11-03 11:10:00,0.0,0.0,,,,,,,,13.3,,,,,,
108,LAE01,"Langtjern, utløp",2025-11-10 17:15:00,0.0,0.0,,,,,,,,13.0,,,,,,
14970,LAE03,Innløpsbekk øst,2016-01-31 09:51:00,0.0,0.0,,,,,,,,9.7,,,,,,
14970,LAE03,Innløpsbekk øst,2016-02-28 11:15:00,0.0,0.0,,,,,,,,10.4,,,,,,
14970,LAE03,Innløpsbekk øst,2016-03-28 12:19:00,0.0,0.0,,,,,,,,11.3,,,,,,
14970,LAE03,Innløpsbekk øst,2016-04-24 14:45:00,0.0,0.0,,,,,,,,8.6,,,,,,
14970,LAE03,Innløpsbekk øst,2016-05-29 12:15:00,0.0,0.0,,,,,,,,11.6,,,,,,
14970,LAE03,Innløpsbekk øst,2016-06-25 13:57:00,0.0,0.0,,,,,,,,15.1,,,,,,
14970,LAE03,Innløpsbekk øst,2016-07-31 13:30:00,0.0,0.0,,,,,,,,17.8,,,,,,
14970,LAE03,Innløpsbekk øst,2016-08-28 12:53:00,0.0,0.0,,,,,,,,17.6,,,,,,
14970,LAE03,Innløpsbekk øst,2016-09-24 15:17:00,0.0,0.0,,,,,,,,14.8,,,,,,
14970,LAE03,Innløpsbekk øst,2016-10-20 00:00:00,0.0,0.0,,,,,,,,17.7,,,,,,
14970,LAE03,Innløpsbekk øst,2016-10-30 15:11:00,0.0,0.0,,,,,,,,15.5,,,,,,
14970,LAE03,Innløpsbekk øst,2016-11-27 15:43:00,0.0,0.0,,,,,,,,14.5,,,,,,
14970,LAE03,Innløpsbekk øst,2016-12-27 14:56:00,0.0,0.0,,,,,,,,11.8,,,,,,
14970,LAE03,Innløpsbekk øst,2017-01-25 00:00:00,0.0,0.0,,,,,,,,10.6,,,,,,
14970,LAE03,Innløpsbekk øst,2017-01-29 15:10:00,0.0,0.0,,,,,,,,10.1,,,,,,
14970,LAE03,Innløpsbekk øst,2017-02-25 16:13:00,0.0,0.0,,,,,,,,9.6,,,,,,
14970,LAE03,Innløpsbekk øst,2017-03-25 16:05:00,0.0,0.0,,,,,,,,11.6,,,,,,
14970,LAE03,Innløpsbekk øst,2017-04-01 00:00:00,0.0,0.0,,,,,,,,13.2,,,,,,
14970,LAE03,Innløpsbekk øst,2017-04-30 15:08:00,0.0,0.0,,,,,,,,11.7,,,,,,
14970,LAE03,Innløpsbekk øst,2017-05-28 14:33:00,0.0,0.0,,,,,,,,12.8,,,,,,
14970,LAE03,Innløpsbekk øst,2017-06-25 13:21:00,0.0,0.0,,,,,,,,14.7,,,,,,
14970,LAE03,Innløpsbekk øst,2017-07-30 11:45:00,0.0,0.0,,,,,,,,20.8,,,,,,
14970,LAE03,Innløpsbekk øst,2017-08-26 14:55:00,0.0,0.0,,,,,,,,16.1,,,,,,
14970,LAE03,Innløpsbekk øst,2017-09-24 15:21:00,0.0,0.0,,,,,,,,15.5,,,,,,
14970,LAE03,Innløpsbekk øst,2017-10-28 14:25:00,0.0,0.0,,,,,,,,13.1,,,,,,
14970,LAE03,Innløpsbekk øst,2017-11-26 22:54:00,0.0,0.0,,,,,,,,10.8,,,,,,
14970,LAE03,Innløpsbekk øst,2017-12-29 12:25:00,0.0,0.0,,,,,,,,10.2,,,,,,
14970,LAE03,Innløpsbekk øst,2018-01-25 10:38:00,0.0,0.0,,,,,,,,10.1,,,,,,
14970,LAE03,Innløpsbekk øst,2018-02-24 00:00:00,0.0,0.0,,,,,,,,11.5,,,,,,
14970,LAE03,Innløpsbekk øst,2018-03-24 11:30:00,0.0,0.0,,,,,,,,11.3,,,,,,
14970,LAE03,Innløpsbekk øst,2018-04-30 19:57:00,0.0,0.0,,,,,,,,7.3,,,,,,
14970,LAE03,Innløpsbekk øst,2018-05-27 16:47:00,0.0,0.0,,,,,,,,11.1,,,,,,
14970,LAE03,Innløpsbekk øst,2018-06-24 13:34:00,0.0,0.0,,,,,,,,12.8,,,,,,
14970,LAE03,Innløpsbekk øst,2018-08-26 13:33:00,0.0,0.0,,,,,,,,20.2,,,,,,
14970,LAE03,Innløpsbekk øst,2018-09-29 14:24:00,0.0,0.0,,,,,,,,17.5,,,,,,
14970,LAE03,Innløpsbekk øst,2018-11-01 14:16:00,0.0,0.0,,,,,,,,16.9,,,,,,
14970,LAE03,Innløpsbekk øst,2018-11-25 14:28:00,0.0,0.0,,,,,,,,11.7,,,,,,
14970,LAE03,Innløpsbekk øst,2018-12-29 15:57:00,0.0,0.0,,,,,,,,10.9,,,,,,
14970,LAE03,Innløpsbekk øst,2019-01-29 20:49:00,0.0,0.0,,,,,,,,11.6,,,,,,
14970,LAE03,Innløpsbekk øst,2019-02-27 12:19:00,0.0,0.0,,,,,,,,13.1,,,,,,
14970,LAE03,Innløpsbekk øst,2019-04-01 20:36:00,0.0,0.0,,,,,,,,13.6,,,,,,
14970,LAE03,Innløpsbekk øst,2019-04-29 21:32:00,0.0,0.0,,,,,,,,7.5,,,,,,
14970,LAE03,Innløpsbekk øst,2019-05-21 00:00:00,0.0,0.0,11.5,,,,,,,11.7,,,,,,
14970,LAE03,Innløpsbekk øst,2019-05-26 15:54:00,0.0,0.0,,,,,,,,12.8,,,,,,
14970,LAE03,Innløpsbekk øst,2019-06-07 00:00:00,0.0,0.0,17.7,,,,,,,18.0,,,,,,
14970,LAE03,Innløpsbekk øst,2019-06-30 14:26:00,0.0,0.0,,,,,,,,15.3,,,,,,
14970,LAE03,Innløpsbekk øst,2019-07-24 00:00:00,0.0,0.0,21.5,,,,,,,21.0,,,,,,
14970,LAE03,Innløpsbekk øst,2019-07-28 14:49:00,0.0,0.0,,,,,,,,19.4,,,,,,
14970,LAE03,Innløpsbekk øst,2019-08-25 00:00:00,0.0,0.0,,,,,,,,19.3,,,,,,
14970,LAE03,Innløpsbekk øst,2019-09-29 12:41:00,0.0,0.0,,,,,,,,19.8,,,,,,
14970,LAE03,Innløpsbekk øst,2019-10-27 14:28:00,0.0,0.0,,,,,,,,15.3,,,,,,
14970,LAE03,Innløpsbekk øst,2019-11-25 21:00:00,0.0,0.0,,,,,,,,12.8,,,,,,
14970,LAE03,Innløpsbekk øst,2019-12-28 14:58:00,0.0,0.0,,,,,,,,11.8,,,,,,
14970,LAE03,Innløpsbekk øst,2020-01-28 16:26:00,0.0,0.0,,,,,,,,12.7,,,,,,
14970,LAE03,Innløpsbekk øst,2020-02-24 17:22:00,0.0,0.0,,,,,,,,11.1,,,,,,
14970,LAE03,Innløpsbekk øst,2020-03-30 16:54:00,0.0,0.0,,,,,,,,11.5,,,,,,
14970,LAE03,Innløpsbekk øst,2020-04-28 19:45:00,0.0,0.0,,,,,,,,8.5,,,,,,
14970,LAE03,Innløpsbekk øst,2020-05-31 15:20:00,0.0,0.0,,,,,,,,9.5,,,,,,
14970,LAE03,Innløpsbekk øst,2020-06-29 13:06:00,0.0,0.0,,,,,,,,20.2,,,,,,
14970,LAE03,Innløpsbekk øst,2020-07-25 00:00:00,0.0,0.0,,,,,,,,16.3,,,,,,
14970,LAE03,Innløpsbekk øst,2020-08-29 15:05:00,0.0,0.0,,,,,,,,17.5,,,,,,
14970,LAE03,Innløpsbekk øst,2020-09-27 13:14:00,0.0,0.0,,,,,,,,18.4,,,,,,
14970,LAE03,Innløpsbekk øst,2020-10-25 15:40:00,0.0,0.0,,,,,,,,12.3,,,,,,
14970,LAE03,Innløpsbekk øst,2020-11-29 14:50:00,0.0,0.0,,,,,,,,10.6,,,,,,
14970,LAE03,Innløpsbekk øst,2020-12-30 00:00:00,0.0,0.0,,,,,,,,10.1,,,,,,
14970,LAE03,Innløpsbekk øst,2021-02-01 14:21:00,0.0,0.0,,,,,,,,10.3,,,,,,
14970,LAE03,Innløpsbekk øst,2021-03-02 14:50:00,0.0,0.0,,,,,,,,11.9,,,,,,
14970,LAE03,Innløpsbekk øst,2021-03-28 12:57:00,0.0,0.0,,,,,,,,11.9,,,,,,
14970,LAE03,Innløpsbekk øst,2021-04-25 12:40:00,0.0,0.0,,,,,,,,8.7,,,,,,
14970,LAE03,Innløpsbekk øst,2021-05-31 20:30:00,0.0,0.0,,,,,,,,10.6,,,,,,
14970,LAE03,Innløpsbekk øst,2021-06-27 13:53:00,0.0,0.0,,,,,,,,13.8,,,,,,
14970,LAE03,Innløpsbekk øst,2021-10-31 14:23:00,0.0,0.0,,,,,,,,16.7,,,,,,
14970,LAE03,Innløpsbekk øst,2021-11-27 00:00:00,0.0,0.0,,,,,,,,10.9,,,,,,
14970,LAE03,Innløpsbekk øst,2021-12-29 20:46:00,0.0,0.0,,,,,,,,9.5,,,,,,
14970,LAE03,Innløpsbekk øst,2022-01-29 15:02:00,0.0,0.0,,,,,,,,9.7,,,,,,
14970,LAE03,Innløpsbekk øst,2022-02-26 16:45:00,0.0,0.0,,,,,,,,9.4,,,,,,
14970,LAE03,Innløpsbekk øst,2022-03-27 00:00:00,0.0,0.0,,,,,,,,12.1,,,,,,
14970,LAE03,Innløpsbekk øst,2022-04-25 19:10:00,0.0,0.0,,,,,,,,10.8,,,,,,
14970,LAE03,Innløpsbekk øst,2022-05-28 00:00:00,0.0,0.0,,,,,,,,14.3,,,,,,
14970,LAE03,Innløpsbekk øst,2022-06-26 00:00:00,0.0,0.0,,,,,,,,14.0,,,,,,
14970,LAE03,Innløpsbekk øst,2022-09-28 00:00:00,0.0,0.0,,,,,,,,18.6,,,,,,
14970,LAE03,Innløpsbekk øst,2022-10-31 15:00:00,0.0,0.0,,,,,,,,15.5,,,,,,
14970,LAE03,Innløpsbekk øst,2022-11-30 19:53:00,0.0,0.0,,,,,,,,12.0,,,,,,
14970,LAE03,Innløpsbekk øst,2022-12-27 18:10:00,0.0,0.0,,,,,,,,10.3,,,,,,
14970,LAE03,Innløpsbekk øst,2023-01-30 00:00:00,0.0,0.0,,,,,,,,12.3,,,,,,
14970,LAE03,Innløpsbekk øst,2023-02-27 00:00:00,0.0,0.0,,,,,,,,12.2,,,,,,
14970,LAE03,Innløpsbekk øst,2023-03-27 17:57:00,0.0,0.0,,,,,,,,12.9,,,,,,
14970,LAE03,Innløpsbekk øst,2023-04-17 00:00:00,0.0,0.0,,,,,,,,10.4,,,,,,
14970,LAE03,Innløpsbekk øst,2023-04-24 18:05:00,0.0,0.0,,,,,,,,8.3,,,,,,
14970,LAE03,Innløpsbekk øst,2023-05-29 11:45:00,0.0,0.0,,,,,,,,9.1,,,,,,
14970,LAE03,Innløpsbekk øst,2023-05-31 00:00:00,0.0,0.0,,,,,,,,7.9,,,,,,
14970,LAE03,Innløpsbekk øst,2023-06-12 00:00:00,0.0,0.0,,,,,,,,10.8,,,,,,
14970,LAE03,Innløpsbekk øst,2023-06-25 16:27:00,0.0,0.0,,,,,,,,20.6,,,,,,
14970,LAE03,Innløpsbekk øst,2023-07-05 00:00:00,0.0,0.0,,,,,,,,18.5,,,,,,
14970,LAE03,Innløpsbekk øst,2023-07-29 19:45:00,0.0,0.0,,,,,,,,18.5,,,,,,
14970,LAE03,Innløpsbekk øst,2023-08-14 00:00:00,0.0,0.0,,,,,,,,16.4,,,,,,
14970,LAE03,Innløpsbekk øst,2023-08-28 18:35:00,0.0,0.0,,,,,,,,14.8,,,,,,
14970,LAE03,Innløpsbekk øst,2023-08-30 00:00:00,0.0,0.0,,,,,,,,15.3,,,,,,
14970,LAE03,Innløpsbekk øst,2023-09-24 00:00:00,0.0,0.0,,,,,,,,15.1,,,,,,
14970,LAE03,Innløpsbekk øst,2023-09-29 00:00:00,0.0,0.0,,,,,,,,17.9,,,,,,
14970,LAE03,Innløpsbekk øst,2023-10-24 00:00:00,0.0,0.0,,,,,,,,15.3,,,,,,
14970,LAE03,Innløpsbekk øst,2023-10-31 14:30:00,0.0,0.0,,,,,,,,11.8,,,,,,
14970,LAE03,Innløpsbekk øst,2023-11-27 18:35:00,0.0,0.0,,,,,,,,12.0,,,,,,
14970,LAE03,Innløpsbekk øst,2023-11-30 00:00:00,0.0,0.0,,,,,,,,10.7,,,,,,
14970,LAE03,Innløpsbekk øst,2023-12-25 00:00:00,0.0,0.0,,,,,,,,11.2,,,,,,
14970,LAE03,Innløpsbekk øst,2024-02-15 00:00:00,0.0,0.0,,,,,,,,11.3,,,,,,
14970,LAE03,Innløpsbekk øst,2024-02-15 14:00:00,0.0,0.0,,,,,,,,11.0,,,,,,
14970,LAE03,Innløpsbekk øst,2024-02-26 12:55:00,0.0,0.0,,,,,,,,12.5,,,,,,
14970,LAE03,Innløpsbekk øst,2024-03-25 16:37:00,0.0,0.0,,,,,,,,12.2,,,,,,
14970,LAE03,Innløpsbekk øst,2024-04-12 00:00:00,0.0,0.0,,,,,,,,8.6,,,,,,
14970,LAE03,Innløpsbekk øst,2024-04-29 09:30:00,0.0,0.0,,,,,,,,9.2,,,,,,
14970,LAE03,Innløpsbekk øst,2024-06-23 15:27:00,0.0,0.0,,,,,,,,15.2,,,,,,
14970,LAE03,Innløpsbekk øst,2024-07-04 00:00:00,0.0,0.0,,,,,,,,13.7,,,,,,
14970,LAE03,Innløpsbekk øst,2024-07-29 13:00:00,0.0,0.0,,,,,,,,17.2,,,,,,
14970,LAE03,Innløpsbekk øst,2024-08-26 00:00:00,0.0,0.0,,,,,,,,15.5,,,,,,
14970,LAE03,Innløpsbekk øst,2024-09-30 18:05:00,0.0,0.0,,,,,,,,13.8,,,,,,
14970,LAE03,Innløpsbekk øst,2024-10-28 12:05:00,0.0,0.0,,,,,,,,13.5,,,,,,
14970,LAE03,Innløpsbekk øst,2024-12-02 12:15:00,0.0,0.0,,,,,,,,11.5,,,,,,
14970,LAE03,Innløpsbekk øst,2024-12-30 10:47:00,0.0,0.0,,,,,,,,12.1,,,,,,
14970,LAE03,Innløpsbekk øst,2025-01-27 12:19:00,0.0,0.0,,,,,,,,11.0,,,,,,
14970,LAE03,Innløpsbekk øst,2025-02-24 16:25:00,0.0,0.0,,,,,,,,11.9,,,,,,
14970,LAE03,Innløpsbekk øst,2025-03-31 17:10:00,0.0,0.0,,,,,,,,11.2,,,,,,
14970,LAE03,Innløpsbekk øst,2025-04-28 18:15:00,0.0,0.0,,,,,,,,10.9,,,,,,
14970,LAE03,Innløpsbekk øst,2025-05-26 15:05:00,0.0,0.0,,,,,,,,16.6,,,,,,
14970,LAE03,Innløpsbekk øst,2025-06-30 07:45:00,0.0,0.0,,,,,,,,12.8,,,,,,
14970,LAE03,Innløpsbekk øst,2025-07-28 17:00:00,0.0,0.0,,,,,,,,16.6,,,,,,
14970,LAE03,Innløpsbekk øst,2025-08-25 09:08:00,0.0,0.0,,,,,,,,15.9,,,,,,
14970,LAE03,Innløpsbekk øst,2025-09-30 13:55:00,0.0,0.0,,,,,,,,15.5,,,,,,
14970,LAE03,Innløpsbekk øst,2025-10-28 09:55:00,0.0,0.0,,,,,,,,15.9,,,,,,
